path,bytes,sha256
.gitignore,68,bf96f105b3e8a9c8e382546e7c9312e1eb9891cae7901a0e278ead58275ea46f
code/forecasting/forecast_paths.py,431,1b2821efba6da9e25ec1928d5fca87bd0c791c23178d5c7fdcedcf057bd21fba
code/forecasting/main.py,35231,7d32a6e3440ee7b57c37265f8dd11366ba24283464263dec5ce6a8207bbda6bd
code/forecasting/model.py,14687,6d7471aeba3dfe37330ec2b61a8792ff95356e05e4a181767c523fa2697f5122
code/forecasting/plot.py,30489,58b8ef28dd506ef52a74cc5b3ee8195041a0bf6030d379e0327716493e9b536b
code/forecasting/reviewed_protocol.py,22812,969b78cbd3913d561f918ca519b57f5e4713a61ba91e3e8c014bd18e4b426d07
code/forecasting/wind_main.py,36357,eac493ea1ecd31838eb6d60e432171974012762e225d3324b4a2486350211415
code/forecasting/wind_model.py,4525,0aaf31b670b82014420588b04d6409d4f2a7646f7f324d0cafc2560ba9f619b7
code/forecasting/wind_plot.py,40208,edef47b194f994fad63b9d985fd4e6c518db9ef62e8f8517906c12faadce7548
code/legacy/forecasting/eval_metrics.py,4224,727fe0bd31e6944cae129e4a0bc9e97e8f4f824fd1dbed8c4cb4835564f147ec
code/legacy/forecasting/gen_extreme_0miss.py,4923,c6d8ca0f5c6b5c443a6ab59743a4baade1de2967def30c9a91758be34b3846c0
code/legacy/forecasting/gen_sweep_inv3.py,5999,c6140dfbdf164756e10408ae36e7b076dbf00d6472a556dbe445a4570d811793
code/legacy/forecasting/retrain_pinn_inv3.py,16464,fee55f494262601702082a23ce2ac10cb9d475f3abaf686b3724615b5bc4057f
code/legacy/forecasting/retrain_pinn_multiseed.py,12592,63a40daf7f0b44fb5282e9dddb23ffc1680c4d93fcc49b0f8b6e6d9abf3acb50
code/legacy/forecasting/retrain_pinn_only.py,9082,faef7caa8962a0df4ad714bfb20cc0087693be6f78d7a25bcf0cea4fba5cd1c7
code/legacy/forecasting/wind_main.py,40784,17b8a8dc844c6068c603cef0276ef87c450dcc4c2338096a6228c1b0764d0bde
code/legacy/README.md,1070,fe095eb2c13578c6e36cd64a5027e4bb98f6db403078a7493de973040c590964
code/legacy/scheduling/manual_mix_project.py,7961,eae1cd42901207e5e3d7e1048370ab64d0b71ccdde1908398acf28a372c6ff18
code/legacy/scheduling/mix_project.py,14250,b82b810fba8cd26ae8dc9566630fbae5c1e306c72173ef1051d1bfb0b132c216
code/legacy/scheduling/run_validation_matrix.py,11883,72fccc6630e0ee7c7e985da772583a110026774fa41274e4b933892e5f55ee9f
code/preprocessing/idealize_flight_logs.py,17005,8d82acffbbd1bdfd9e601d26e90cbce909e0b79d8ac60275b078a20b568f452d
code/preprocessing/simulate_three_drone_same_soc.py,15641,04f111edca058647398122eda99c2e8872ce65ed3b975e9d5e492818c170f3e0
code/scheduling/__init__.py,22,324049e1637d119b670cd9a6dc10396b4f1351494904703ddb794a977e86c62f
code/scheduling/build_validation_group_panels.py,18757,a0152439f19d8a5390ae42cffa572bac56c883c4089cb57ca6af9ef9f3156f0e
code/scheduling/drone_profiles.py,3310,55baf467c1b3b7464cdd95b4462e68dbc15bf36c93a407beefaf28c77cf5004c
code/scheduling/energy.py,2302,0b98e1980bbd2787fe68f7eae8adc9370fd4f743dee8d7f61e50dc3be2cba011
code/scheduling/explore_paths.py,2730,849338023d11db5e0aa10dfb9d8c15e8ce06cb80aca4b8f25b6bcb7f0602fe46
code/scheduling/io_utils.py,16252,42955c57e9149d35a25c9c5ddc0232606097a8947f1bec4c1469c5bb0084a42b
code/scheduling/kinematics.py,514,f1291bd84f38d954153f912d9bc777d84f5cd6b521fd6a0fb3ee058fd35d2ac0
code/scheduling/planning.py,2293,dd4fe323ba9d0f0a53d48f77313230206027fa41242c7f0d329e73f6c37a6f1c
code/scheduling/plotting.py,11961,af419f85a98ebf5a9a1ed1e079557aefaabd165177c3b1c60a3486fb91714de5
code/scheduling/run_manual_validation_matrix.py,40683,a0b4b0e8c65c913c87cd50c6a4fe35bfa3cf0c1a3dd2299e2a6bebbf505be86c
code/scheduling/scenarios.py,41054,76980380c5496078d20d6b834d23383e63d4423770391f2ab69bb1775b4be4f3
code/scheduling/scheduling_paths.py,352,761089c7e7f0afb45e687be1ef27d9fc95effd498fd6dab9f71e94fc82fa24fb
code/scheduling/simulator.py,47498,b7fcdb300ee4ba4430600159da2bdceed94d603925c377aa3d055ec965994e09
code/scheduling/station_manager.py,6725,f46a0a1be6c08076b7acb25dc6f369bddfc6ae76c3ef7693d9114aa47e3e0aa6
data/experiments/flight/processed/flight_summary.csv,477,11fbf7b860d90bb367f970891d05756dc3b74d1ae253dc69c3568acedd5fd0ef
data/experiments/flight/processed/May-9th-2026-06-19PM-Flight-Airdata-3m-idealized.csv,275224,263c6e0ec5de091116a48a965d565d0ab0e57b86010a633babaaa7914fcecaa6
data/experiments/flight/processed/May-9th-2026-06-20PM-Flight-Airdata-6m-idealized.csv,257412,f0fd0edcacae71fbe3813e93d96c98767f451bc3d8ab681bcbbd21d4bb138dd3
data/experiments/flight/processed/May-9th-2026-06-21PM-Flight-Airdata-9m-idealized.csv,269321,71ec075c29f9cecd79678999c7bb01da0b27f8729a4c42b4b6006a89981bac9c
data/experiments/flight/processed/same_soc_three_drones/3m_same_soc_95_to_10.csv,2160223,519266dd56db2872c75d633e6e96513c09ce08e712fa20cf6bd4a2fc2e309bdd
data/experiments/flight/processed/same_soc_three_drones/6m_same_soc_95_to_10.csv,2268633,ed65cb5add7c8178719da874735d6eb34c3bf06d828e6b9d8f11a10c45fa5461
data/experiments/flight/processed/same_soc_three_drones/9m_same_soc_95_to_10.csv,2228143,6a6216ea9f1fe668913a7dc4019256e2d35b0832a0040439959a84d005442881
data/experiments/flight/processed/same_soc_three_drones/simulation_summary.csv,470,1e1fa28dc93697a999bb4c7234ae0cd96ca3f40b9cb67b157abda89010d6aafd
data/experiments/flight/raw_redacted/May-9th-2026-06-19PM-Flight-Airdata-3m.csv,156660,148928e62f8ef649a7e5edcb142a31d38ded21ff8354e189e3361276decedb22
data/experiments/flight/raw_redacted/May-9th-2026-06-20PM-Flight-Airdata-6m.csv,143930,3f74d858f2d66176c039f132fd30f8f07bb63817d22bd9e9d21096aefae4fe2d
data/experiments/flight/raw_redacted/May-9th-2026-06-21PM-Flight-Airdata-9m.csv,153271,a53968d6ef0a8f4b566933c070078cd4b91f671dd4fcb10a3d2ae7cc70b19d5c
data/experiments/vehicle_power/power_25min_5s_all_drones.csv,67889,077fa76ff7afff594094b197ff1e41b10d847c440e1babc9a8c123d4d22db6a6
data/experiments/vehicle_power/power_25min_5s_all_vehicles.csv,63157,ca210ee08c5f5c7f34450027ce283098f34b4d4d4257eaf35a2576bf9e772750
data/forecasting/processed/pv/Inverter_1/merged_2023_data.csv,11927558,e2c3a432ac296352c5bef111f168ea8de08bd5a8a049852621ac628fa0a8059a
data/forecasting/processed/pv/Inverter_2/merged_2023_data.csv,12064112,bbe8e2d5accf3b5fefd87824bb563cec866b27842cb59d44461e07df26df774f
data/forecasting/processed/pv/Inverter_3/merged_2023_data.csv,11886345,517d0615d2cada41b9813f2a448a2910169d6fc161286f173d88db04b6782e5d
data/forecasting/processed/wind/Turbine_1/merged_wind_data.csv,6325480,0ec73681ecad30a04f1ef1f4f6441c8c6de583a82609add501e4791dfc4b30a0
data/forecasting/processed/wind/Turbine_2/merged_wind_data.csv,6340350,ca0e04aa1025348c0a2b015ceaf3e47032f52c1071005df32fc7e3ca544fc1a1
data/forecasting/processed/wind/Turbine_3/merged_wind_data.csv,6475260,70f59d39ad2424c7ab2decef47b00010584fef26e32a8e7107aecf3253b7b5a2
data/forecasting/raw/pv/Irradiance_2023.csv,11998258,c114d4d498a8caee868d9262210386f01d5eb65bee485dbb42aaf639326c5944
data/forecasting/raw/pv/Library_Inverter_1.csv,11850868,74047bbfb42195195a70991b615cbaa26cf1877b6e9e930492f6087fe2b27739
data/forecasting/raw/pv/Library_Inverter_2.csv,11864595,9494d4302bb73431a0f1d3ec6ca3e539c208831a2fa97c0348c2192000ddc35a
data/forecasting/raw/pv/Library_Inverter_3.csv,11774786,b6fe37c8b6f1d6c3cfe37d2dcf3c36a3dca7169c170727ff2f502ae202b8ee81
data/forecasting/raw/pv/Temperature_2023.csv,12175298,1f12b5c04071b84d2db60060dbef99e853d785e6bef2ff959837c03cb9352b5d
data/forecasting/raw/pv/Wind_2023.csv,15843512,6058f67f7724b3d1ee76126772397ed7fffbe66e91c726b1e7a7c49d930abdfa
data/forecasting/raw/wind/Wind 1.xlsx,6794452,5fa8104662cca4a909fae9e0873d7c8addb8c2061a92711a64afa3b16beecf68
data/forecasting/raw/wind/Wind 2.xlsx,6871892,6b618fb2f92c77bae4d7fcb06aba2d59d297ffc3cd2afe683d96b50b2d5e2489
data/forecasting/raw/wind/Wind 3.xlsx,7789851,b96f967e8774a66c96b8ebc7306c841c6ade55374d0488305dff12f41a659593
data/forecasting/raw/wind/Wind 4.xlsx,7224618,be8fdf308419134b054cb1ac705851a1d2ddf3caa65b2e1bb457959dc69c1c70
data/forecasting/raw/wind/Wind 5.xlsx,7186447,ee0189fd4764e017f19cc15054a6945e4c6198fbcfd49221bee987132fb91520
data/forecasting/raw/wind/Wind 6.xlsx,5409805,225e9c0312e6fc736702a78c43e1c102bdeb7a3d5b4e6de1578ab20e7d589d71
data/README.md,6757,5c7b45ec468e520a8fcda0bd8603657ddd690a1647a29bdf042467388bf1ba85
data/scenes/first_frame/first_frame_annotation_bundle.json,21375,5a478d61012d0eb47766c616932043beaaa742f06f65a47457b5c1db95a76b20
data/scenes/first_frame/manual_routes_annotations.json,31061,f152a80baab81adc4c4583785c56efc9eaf690d35fea1a22ceee6adfade9b2e3
data/scenes/first_frame/overall_scene_annotations.json,9542,37a774b5ee4b22e792eebedbccecfebe413d5c946d5e8cd801649982eb88120f
data/scenes/first_frame/地形边界.json,26498,60a31e135cd75768cfcd0dcd9063f19d38d797027b0b5030cf9f5401ccc6cfef
data/scenes/first_frame/场地标注.json,26498,60a31e135cd75768cfcd0dcd9063f19d38d797027b0b5030cf9f5401ccc6cfef
data/scenes/first_frame/坐标系.json,657,47174d92b85ac76141328ff770cc014f301144e897fde93df9bdf7ed2ede2b48
models/pv/Inverter_1/best_model_dnn.pth,132271,ca16358e81075fd6a125904e4df1f48dac09534f68b0adbaa7b06347f323d8a2
models/pv/Inverter_1/best_model_gru.pth,255425,3d55cdcf5407500ba58575e0b014f37b52a4989d8ff76f9332f212b5cd69c6ac
models/pv/Inverter_1/best_model_lstm.pth,307732,1e383c5f799ae4f15ce1dfa1b6f8cb164ee50c8058db59ced55ecc4d95d05542
models/pv/Inverter_1/best_model_pinn.pth,1713079,b58ed4c0a48de693637e8847c7fc5d7e00a1437709823fb5f4a7015b79efb144
models/pv/Inverter_1/best_model_tcn.pth,217317,f450e4ed51d3a1df028009dcde01a66d6572efbcc2d2f3c78f000401d5f541c8
models/pv/Inverter_1/best_model_trans.pth,591671,e14009dcad268ac1ac7acc20d51ae4e06dc51a727145e7db6ec4cbce45ec65f8
models/pv/Inverter_1/scalers.npz,1066,d96a9ae7b7cb16f2f8c5b9b80084ad9d04d149914528c215d6d3a42fc27262c9
models/pv/Inverter_2/best_model_dnn.pth,132271,c639151d531227fc08e645aa5d02be39c5de57200853bc4f552323a0dcae52fc
models/pv/Inverter_2/best_model_gru.pth,255425,2208216f363632a79525cd5ca89238fda2db4b006d9e3af7d46af231801c0776
models/pv/Inverter_2/best_model_lstm.pth,307732,a0e8d3c4f8f6b37997ab1494aeca7b80a7dffe3f919b40eba9093ed107e9570d
models/pv/Inverter_2/best_model_pinn.pth,1713079,2d311eccf8983b2cde932ed42b92b396bdd36b7f9de204d57d88add7d15fb778
models/pv/Inverter_2/best_model_tcn.pth,217317,7fac2b2ceba84363f7ad50f29fdf1a3fbabb622e49695a6d904bfa4f5966abe5
models/pv/Inverter_2/best_model_trans.pth,591671,228c0241ae2b113d761f0ca82f9ae00aebb895349627a2d13a57578fe6556a47
models/pv/Inverter_2/scalers.npz,1066,c8f84ad54dd4e15d033c9f62059f9c8f6d1d1d74097991226ca4692923a92b80
models/pv/Inverter_3/best_model_dnn.pth,132271,02ee39983f60a49b8fc2046145bca3b8a98920a8271d7d9a6ab7fab6490325c0
models/pv/Inverter_3/best_model_gru.pth,255425,7b7080412c2e77cfe89b461ce1748c6d3192f04700d547eff3147b608692bab2
models/pv/Inverter_3/best_model_lstm.pth,307732,921133a5889ea158bb2eafbad570bf4f0ac89b6333a410781e651d0d1b0a8b7b
models/pv/Inverter_3/best_model_pinn.pth,3818423,d6ae309885ad32a9fb548d413d0b44f763b8e50f2b401239e089b637476bdc70
models/pv/Inverter_3/best_model_tcn.pth,217317,98a761bd31e95c1a87d4b6cfae302fc71a9d80d3212aeda795bc37de4b0906ea
models/pv/Inverter_3/best_model_trans.pth,591671,290dbe7d9037ea2f64ac0cbc88681c5898e6f4ca845ad2bd0b0b94c3f6c3c6de
models/pv/Inverter_3/scalers.npz,1066,bf5e3ce1c21d245b3452e73f98c31787875a7f341cdd4aefd070ff245517ed3f
models/wind/Turbine_1/best_model_dnn.pth,156847,7720dd51895a8c944d17d2d1b5f25180e9ad98c1a14ec31be1489c557e583840
models/wind/Turbine_1/best_model_gru.pth,257473,02230b03c1136bf3322fe292854a90d145cec48829f11786679db75ca712b4d7
models/wind/Turbine_1/best_model_lstm.pth,310292,587d83f87839ae4cf287bf443ebc2e11a3b88a292a7bfb6342bccbaf513d4fdc
models/wind/Turbine_1/best_model_pinn.pth,261776,09da3d4e4581d24ed410dc61b32a9c9a299c57c857e4cdaba41ddb7ca2bf50d3
models/wind/Turbine_1/best_model_tcn.pth,219877,9fbf29d7da7d515168b6d3c131b896eb800f9547a67a7843ff415359c5c57acb
models/wind/Turbine_1/best_model_trans.pth,592759,979c73eea68ae42aac957be4fdc4431f5bf8fe37fa540f0ae8ce7a1307a45bb3
models/wind/Turbine_1/scalers.npz,1082,02ada8fe96c29c788aaa0810eae3873af647403e4dde5767841fa9c3f38c2e4f
models/wind/Turbine_2/best_model_dnn.pth,156847,5dbc0e15fa01380c36574cae5aeb5c248b989d02afda17ef8d405df4bc01d909
models/wind/Turbine_2/best_model_gru.pth,257473,a0752454258445ec8892d6acfc2ad758c3fc8986c898bcd59d8878acd6ffd3fb
models/wind/Turbine_2/best_model_lstm.pth,310292,d31657a585032a685acf983f94a83ebf86bc3a81b45975752c9b8ec83a5282fb
models/wind/Turbine_2/best_model_pinn.pth,261776,69b5385f63ff9fe85906a210e03b56dca206624a9b1e256f51e88a503d74a240
models/wind/Turbine_2/best_model_tcn.pth,219877,24c332649bc2ef60f5754ba965ca12a7b19b47e36b3f00f0ade0919793c4bb68
models/wind/Turbine_2/best_model_trans.pth,592759,d7f08458e60567b6141452594c4794d9bf344442bee219f60edca26c36f14bdb
models/wind/Turbine_2/scalers.npz,1082,def06522f37f8cf112e51f86bf4459a6b3f06d454aba848627b7b361dabfa088
models/wind/Turbine_3/best_model_dnn.pth,156847,81c571b7d124bb8c53a9b42c33bab0d638dc99bdef17a6bd05e33281a33307eb
models/wind/Turbine_3/best_model_gru.pth,257473,6bc091d8f50f3efe434e00e87d1c20b5ca93d910faca63ce6d340ce45b0d6380
models/wind/Turbine_3/best_model_lstm.pth,310292,48db0c5367e3d49ba21c187fd196bb0c3d5f624787b496db7b3ecfdd180e7bcb
models/wind/Turbine_3/best_model_pinn.pth,261776,6fc5603fe8117fef51a5ad22b4322d857b888306c22912a59bfc9cd35ede115b
models/wind/Turbine_3/best_model_tcn.pth,219877,87ba7c224df6bcd11b2eeff9b3f4cb6502133404fb01667fa01147877097f706
models/wind/Turbine_3/best_model_trans.pth,592759,40b580161ef48c761644d46ace3e3d1a0940c7e98058208f086d95209918304a
models/wind/Turbine_3/scalers.npz,1082,770ec1413f9da8dbf5f1141df3f18c2b4c6c48f83ff8147b1794cfb6846dbf3a
provenance/history/v1_packaging_changes.json,4004,dcac58923af888ca6eb49d0d95e91b4fd14956ac0caea7a0761d996d58dd39ad
provenance/history/v1_SHA256SUMS.csv,80801,d972afa8e3c4609302b481f4086843446a8e72ce3c6a74ebecec4a4ef93292a1
provenance/packaging_changes.json,15398,88b2920a768bcf406442868d2a5d2385e3a4fe2802cd789d5d84db030cce1438
provenance/REVIEW_V2.md,9485,657ecefb4ad848cd09a8b200f27c3b386649dda756fce1c951bfb60d95b746b5
provenance/reviewed_archived_model_check.json,8624,bdbdd57ad443229c0b9481962ec2cdc1f765805d496e6bd88ef3a71c07c17a12
provenance/reviewed_changes.json,9274,ecd18486c56ba2d368e692267a9d09aafa3ae8f486be18c1ac43f4f6e692cabc
provenance/reviewed_data_audits.json,35814,2e7a1f32ea9d7f3391940f88bf29a56c99c2acf3e60ba1efa0e4006cde6d1bc4
provenance/reviewed_verification.json,7665,7e10c9bb263ee4493bab10e7381acd4fe1a93c8cbc8a180a39eefb9876d39cb8
provenance/source_environment.json,146,cc3f22006f084d389ab30a43d53c223d13511c2ec47a4215bd1c8343a660483c
provenance/source_manifest.json,230016,3934f46c7ab7054348b4edb6ef6efa9b95fb8c9da9bf09cfc814493476cf0804
provenance/training_logs/train_log_final.txt,49960,7d9eef9acbbea214c3e4721dabce1f5313b2666cb65bc9fd4024a14ff76577a4
provenance/training_logs/wind_train_v6.log,88142,b6e6b1ff6531609dd86d4c38911e3ae6ec77cc1e75c0d4449d841be436d31ce5
provenance/training_logs/wind_train_v7.log,151410,91191a802670d9aa4ef0225d6962d216c89bc27e8d958775c711e2408157cc64
provenance/VERIFICATION.md,3408,4ce8efb803723343e9fbf0efb1fc6756a58df11cc3b1ef036722d848c1c02944
provenance/verification_extras.json,1853,c5e84537c7b710697e37763e14e4259af4541f4471b97cb025ea12d155337580
provenance/verification_report.json,8622,57858fdb866836f64f4619d55b3a617792918339d408a48bc77a7ea198bcf69d
provenance/VERSION_NOTES.md,8956,78911b5febe91efe0b0d4e8dc2ab32945de8061da2430ce47f6496092e2a7319
provenance/wind_source_mapping.json,723,19b042cfae27d420a24ab7ae0677acefe8689c95f866cc29235231139d0098e7
README.md,9464,196dbe2e16480bd6d2e56dba7c3838c74160653f0203d27734afa42635f1e362
README_zh.md,5685,ba90845411b6bea1a47f433c21da0924dfff9bfec760e0038f48b0aff20ef897
requirements.txt,262,677997d69d69b4e591f7002c58e54d8b37810c934993bc066dff76a9d4faad22
results_reference/forecasting/pv/Inverter_1/history_dnn.csv,7713,2cfd68eae97a080c91ab91334f68015de799e79daaa296e29501b33831fe357f
results_reference/forecasting/pv/Inverter_1/history_gru.csv,7103,762b5dad78361df37313f5efcd65aecfa8748f9069d31cd2d55b93fdba33f139
results_reference/forecasting/pv/Inverter_1/history_lstm.csv,6250,fec8e734a48c7eb461405144ccb624d05b81598c499f58db14559b275546bc84
results_reference/forecasting/pv/Inverter_1/history_pinn.csv,8571,b8d45f7bbd22e11a519506355e63252d15605026be09d496a86f726dc49d6813
results_reference/forecasting/pv/Inverter_1/history_tcn.csv,7606,583b17598d41afc9ae9d058fed0ed5b7d14cb7d5ee739414b3ba744a051af840
results_reference/forecasting/pv/Inverter_1/history_trans.csv,6627,10db1a5d76a6fdb517953895d3ccbb5bd7aa2377003d94ab6e68ab1ed2986960
results_reference/forecasting/pv/Inverter_1/test_metrics.json,19478,6cb1b712b12e526dddca36a3cf3b746ade9ceb552dcd75e7162e55ea7e6c1d3b
results_reference/forecasting/pv/Inverter_1/test_predictions_dnn.csv,256823,9fe1f684df6dd86acb20698aa87e3eabac86888acd03385740643f26c0673865
results_reference/forecasting/pv/Inverter_1/test_predictions_extreme_0miss_dnn.csv,90551,18f8710092896206c6928540f943d1d1ca26f5d862915640b9c80805516ce544
results_reference/forecasting/pv/Inverter_1/test_predictions_extreme_0miss_gru.csv,90647,b67b85f9f4ec6e89b37de115375f6e07f4077dd45aa4f38fac0fdf8fba96804e
results_reference/forecasting/pv/Inverter_1/test_predictions_extreme_0miss_lstm.csv,90655,a792a10c7ff1588fde1035328bd2e3a757e22edec4e5c59f04f2e218fa42bd55
results_reference/forecasting/pv/Inverter_1/test_predictions_extreme_0miss_pinn.csv,90565,e8623b1fa255af7dd16132a5990676ff191042cc0bdda4803123514578ff708b
results_reference/forecasting/pv/Inverter_1/test_predictions_extreme_0miss_tcn.csv,90610,ef88411f06cf1d2fb5fa7dc0163d500b34fcb9f2b63bb42666c8aacb344a5b9c
results_reference/forecasting/pv/Inverter_1/test_predictions_extreme_0miss_trans.csv,90642,df3dc745defe1a66b089a774e5cd4ac1f9edcdcbe4796927822cbeef20ff15fd
results_reference/forecasting/pv/Inverter_1/test_predictions_extreme_dnn.csv,90646,6b36b8ef27ec3f606a58c4c88d995e85d30df810c3da94adf0d65b6231595cdb
results_reference/forecasting/pv/Inverter_1/test_predictions_extreme_gru.csv,90702,057b133f064e1a41b60f168824ef02198eb586728e53e084a48a91c50b8a3fde
results_reference/forecasting/pv/Inverter_1/test_predictions_extreme_lstm.csv,90790,a09591096385c49b33738fc605331138de2bab4238ff9d44fe3e563fcf53b5fb
results_reference/forecasting/pv/Inverter_1/test_predictions_extreme_pinn.csv,90567,10d0a760e8d412b610068c8f47f4965fa35906e8552c0bb1f7066738168e0b50
results_reference/forecasting/pv/Inverter_1/test_predictions_extreme_tcn.csv,90757,d308be312fa4e8e954d2639574070b9cac6a47754341e0bd9e7eda11b061b7fa
results_reference/forecasting/pv/Inverter_1/test_predictions_extreme_trans.csv,90761,2133de4aefdcf2407368df697e9323f8610762b2e166d87c53654b9c1a7c197d
results_reference/forecasting/pv/Inverter_1/test_predictions_gru.csv,256909,1d74d53393fa00b0a3aad89ca5be46963f680f4757091b34e45289ee580dd8c4
results_reference/forecasting/pv/Inverter_1/test_predictions_lstm.csv,256786,ed1f82ef013d408e0ce6b6c677a256af426e2c73024ae411693dd2d2edd5d4db
results_reference/forecasting/pv/Inverter_1/test_predictions_pinn.csv,256843,80fd50856760bd52dd2ca78610978dfcfb5a0b6088bc4e79d3b9c29c05178170
results_reference/forecasting/pv/Inverter_1/test_predictions_tcn.csv,256851,932fe4742206628e05fe8ee9cb229448f20b78cdcc9eee87911f4e8d88810bf5
results_reference/forecasting/pv/Inverter_1/test_predictions_trans.csv,256985,02baeb5267a46f3c28ed6585849afe097c25d21d1dc6a3f8fd5910630e5dea99
results_reference/forecasting/pv/Inverter_2/history_dnn.csv,7115,aff65d9bb3f3f279d75b37ddbd27c6ec1e1737da111fe363f35f65d2a4c23515
results_reference/forecasting/pv/Inverter_2/history_gru.csv,5540,c846de8675ad8c4060f0678ae3f543d510d72bdb78effe0cb369fa73ab71f7d7
results_reference/forecasting/pv/Inverter_2/history_lstm.csv,4433,946a96fd6ac903de67a80b87564dee797453c23884258ccc7f671e04c9f80291
results_reference/forecasting/pv/Inverter_2/history_pinn.csv,7256,750b62b0b0962697f9d3d0d7878a84223f96033e53d702702c2ee44d31ace3bd
results_reference/forecasting/pv/Inverter_2/history_tcn.csv,6750,12ef60d37085df568df66282c27ddd63b03c522986fa03f456197beea5d12384
results_reference/forecasting/pv/Inverter_2/history_trans.csv,5756,93726829a98a40b8a48cac01d550b5149725c8f69bc5a863ac08f2f176d5fcc1
results_reference/forecasting/pv/Inverter_2/test_metrics.json,19500,1ab5199b24d6a45660d6753bc0948a41467cee388ef30ead34cee533c2f74078
results_reference/forecasting/pv/Inverter_2/test_predictions_dnn.csv,259942,b2f3188e212718fb5c343aecb25081f7fbfce62c595f8684f44318715103ce49
results_reference/forecasting/pv/Inverter_2/test_predictions_extreme_0miss_dnn.csv,93454,e90493487b54c50ac9838b4b026c58ca088ca42648a800eb4405adbccb5bb165
results_reference/forecasting/pv/Inverter_2/test_predictions_extreme_0miss_gru.csv,93458,168685e9891d0a69f0003e546eba2323dec7a905276e1af140c837b4d4eec200
results_reference/forecasting/pv/Inverter_2/test_predictions_extreme_0miss_lstm.csv,93407,cb85ebed550db1eb380398d8e1f632b489995e2f2a815116727ed1e2c89e9fba
results_reference/forecasting/pv/Inverter_2/test_predictions_extreme_0miss_pinn.csv,93457,fac2e3d9454702a35b4e218cdc9cefbbaffeccd3307af91af8b634b8d0b5bc70
results_reference/forecasting/pv/Inverter_2/test_predictions_extreme_0miss_tcn.csv,93420,f64eec91a333ecfb149f0c6c2a524fe5491242683ca2438f4abbb896b5784639
results_reference/forecasting/pv/Inverter_2/test_predictions_extreme_0miss_trans.csv,93458,e758f3bc2366333a118c6b88f674f5c896dddb5616096fcbdfa69e43ad52f1b0
results_reference/forecasting/pv/Inverter_2/test_predictions_extreme_dnn.csv,93480,39bc59aa3b8ec9787b062fbf6a2cb5006662f0d9d912055837b322e00d29f47f
results_reference/forecasting/pv/Inverter_2/test_predictions_extreme_gru.csv,93549,2a9b7ed03923fb71e911d2f42014f7eff18225c8f58aea8365a6b3bed451f447
results_reference/forecasting/pv/Inverter_2/test_predictions_extreme_lstm.csv,93563,b7068935d013387868ac50ef80d6db20f2589c1ab99e76e3660188b03c856aee
results_reference/forecasting/pv/Inverter_2/test_predictions_extreme_pinn.csv,93425,c6e48e2fe3208120ccaa1212e4a599692a33576434e23fe036652985ebc251f1
results_reference/forecasting/pv/Inverter_2/test_predictions_extreme_tcn.csv,93547,0e3236efc656bafbc2ad379da831a9504a8e547702fb701a3572c3df485a40cd
results_reference/forecasting/pv/Inverter_2/test_predictions_extreme_trans.csv,93580,f6f073a8554a13334163f170b6d3a0146532b6c7150b4efa7f344e3ee3a8a6a2
results_reference/forecasting/pv/Inverter_2/test_predictions_gru.csv,259930,1e5195623ef4320424b56fba3c5376f6f38bece84cafd3b84610894843b62b3d
results_reference/forecasting/pv/Inverter_2/test_predictions_lstm.csv,259926,de2fd14f2d3cbb22800f9f44cd966578dca0258d3987f9605f4d5d4cbc6f5820
results_reference/forecasting/pv/Inverter_2/test_predictions_pinn.csv,259815,c75ca8095526c0977a6d157e4155718eac87b016614224a0f6bb3c9d6574b70e
results_reference/forecasting/pv/Inverter_2/test_predictions_tcn.csv,259817,dea7bbff62f27370f789f8b142316bbe1a0c1b4b87fb4b35591556f5b89bc4eb
results_reference/forecasting/pv/Inverter_2/test_predictions_trans.csv,259916,9a773d93eb44efa819a213caadfd3a8ee73c2ef2314cb1156c07ecbd06d59af0
results_reference/forecasting/pv/Inverter_3/history_dnn.csv,6012,12741bc18168272c355e81b51abab8bbf786c4a5038ee326bca63e081aef718f
results_reference/forecasting/pv/Inverter_3/history_gru.csv,7363,a02a31589f4160015f1d1aae33cca5a9a9c46580d734c778a085e57aecf1bb18
results_reference/forecasting/pv/Inverter_3/history_lstm.csv,6053,cbb9aef315fa34095292fed5ca803afc6bdf7070fcb7135a121500f51e656c74
results_reference/forecasting/pv/Inverter_3/history_pinn.csv,32263,88871cf47d6a6f0312378aec75f3c3c200a98efd6e819b650c309004b7f1b480
results_reference/forecasting/pv/Inverter_3/history_tcn.csv,8059,50e36a8cc9838d3d29db394f2834122229fc90123e739d40575c13299971f0d8
results_reference/forecasting/pv/Inverter_3/history_trans.csv,6034,0814c469020994c129340738462f8ccbcdc3c273775c839b73f0dc3091f4e3d1
results_reference/forecasting/pv/Inverter_3/test_metrics.json,18649,69680e4501f957de8c4087ca587c656f67f6fe4476eeb9d0cc575625a7f0b42b
results_reference/forecasting/pv/Inverter_3/test_predictions_dnn.csv,254350,350025d793609a5d3fa163246c75c8ca38a16289cf07e1909a4948c8c8604fee
results_reference/forecasting/pv/Inverter_3/test_predictions_extreme_0miss_dnn.csv,89746,51cf1addd7980b03c4761b15d147532ba81e85cb0fb021ec357e56ba3d672ae1
results_reference/forecasting/pv/Inverter_3/test_predictions_extreme_0miss_gru.csv,89678,cdf7c129450c262127a3f6a60c7dbbb644ccb1ae2ca3e46ba19423fe3164b284
results_reference/forecasting/pv/Inverter_3/test_predictions_extreme_0miss_lstm.csv,89704,6ab3cebc7fdd2a5dd5aa940049ed7a8f754171c51f4096867bae2a3e69b6376b
results_reference/forecasting/pv/Inverter_3/test_predictions_extreme_0miss_pinn.csv,89754,27e23759b1932f091c1451ab6635bf888eedd493bfb5f8dd853058c2d67def0a
results_reference/forecasting/pv/Inverter_3/test_predictions_extreme_0miss_tcn.csv,89783,d1b017928116c0296ea9f507485392919e5d275e91fb4036ba176995f77b338d
results_reference/forecasting/pv/Inverter_3/test_predictions_extreme_0miss_trans.csv,89622,062db0df7f396171a123ebc9a2eb3d877417e6a746f79f94deec6ba5ee6abb78
results_reference/forecasting/pv/Inverter_3/test_predictions_extreme_dnn.csv,89683,5642993e9af3eba0b68408ee865656e28dc1d0bce865c3b2b3cce45b380507d6
results_reference/forecasting/pv/Inverter_3/test_predictions_extreme_gru.csv,89814,7f2b9bd63f4f993b212b011df9ec1d90cc2d0ae19683116442ca3d5bb4fe4a6a
results_reference/forecasting/pv/Inverter_3/test_predictions_extreme_lstm.csv,89783,f637aaaa9ec3c41518375a8a6635b55e8f79fa3dccfb783e43dcb324db4a306a
results_reference/forecasting/pv/Inverter_3/test_predictions_extreme_pinn.csv,89729,18ff3097b0496dd07abd4ca1efea1ad1067639cdad090c01541ec297bd5272b8
results_reference/forecasting/pv/Inverter_3/test_predictions_extreme_tcn.csv,89794,cb8d9de8a1a42a6e52fbc58803016c64e6601ea46798403bb0c61d7d9f77ae60
results_reference/forecasting/pv/Inverter_3/test_predictions_extreme_trans.csv,89799,c1f0be4fd8809d9c75648de5b31fae23b8ec10d0ed59edabe29920a76adfb025
results_reference/forecasting/pv/Inverter_3/test_predictions_gru.csv,254288,fe19093a267c487c82659c73685145e7b8c29610dae0e4e6e5a6f7af32575a61
results_reference/forecasting/pv/Inverter_3/test_predictions_lstm.csv,253470,ebf25ac23ab86c4539f6406973eeb9ea65ca96e177a83115d8d8f76f95082856
results_reference/forecasting/pv/Inverter_3/test_predictions_pinn.csv,258534,dfd6a90ff4a1635e5ca3374370288f77f7eaa3215189d896aadf0ce6e21501de
results_reference/forecasting/pv/Inverter_3/test_predictions_tcn.csv,254388,b259f862f1d84391affc39a5bd206cc60334deacf2e70c08385dcc26987e9745
results_reference/forecasting/pv/Inverter_3/test_predictions_trans.csv,254123,03d8ce9d8359dcc084b48a209c854866b86efb10bf93e77631d3a01dc4c02773
results_reference/forecasting/wind/Turbine_1/history_dnn.csv,7780,b37b3af2d5e50159ea0d151a0191dccd3747a8e99f5aaec8f632b4b27e92127d
results_reference/forecasting/wind/Turbine_1/history_gru.csv,6741,00ae210f70b9be1a351e662906c4a31c9f990358e45c411ebd3c51f504058120
results_reference/forecasting/wind/Turbine_1/history_lstm.csv,6514,5ab39e109852a66509352123fbb1e2518b4b68e0eef41fbe30d183af57a8e452
results_reference/forecasting/wind/Turbine_1/history_pinn.csv,12581,c88c4b842b032001b749879d7263bb295c5a5dc9e29767690163ac69c4009ba0
results_reference/forecasting/wind/Turbine_1/history_tcn.csv,11238,17858d9926cb7cd3edde951aae068682cfe12ef39eb7c4150898ff74a13eee31
results_reference/forecasting/wind/Turbine_1/history_trans.csv,5494,786f42fb260acef95ca30fd3e99ca9f8d6414a84268b720c83ffe2bea44b2a4b
results_reference/forecasting/wind/Turbine_1/test_metrics.json,19297,107d1827701886e1369f51ceb010c337e2547d456fcda354689111cf3494580f
results_reference/forecasting/wind/Turbine_1/test_predictions_dnn.csv,179310,831f4c164a05235d369b0031b06589fe95b2fbceb06e3e08b81ac14b8ecf00f7
results_reference/forecasting/wind/Turbine_1/test_predictions_extreme_0miss_dnn.csv,43727,de2fe5bc0b84c8ab6c2b9c9a1b321697ec6edd2b5e2cfc09c8d09a2912e7fd93
results_reference/forecasting/wind/Turbine_1/test_predictions_extreme_0miss_gru.csv,43691,f349baed3f61655d2e9ae6b1141c9b4147aa9de5ce9738d5091a4cec5be5ec1e
results_reference/forecasting/wind/Turbine_1/test_predictions_extreme_0miss_lstm.csv,43717,8ec37f03c93c4403be89a1cba6c8401189255f8102a54e6c8c0ee637a88dbbc1
results_reference/forecasting/wind/Turbine_1/test_predictions_extreme_0miss_pinn.csv,43689,ee8a194cf33f583dcfcb95da087660a51a1297c29bb7de2238f80b4e09d25575
results_reference/forecasting/wind/Turbine_1/test_predictions_extreme_0miss_tcn.csv,43723,a6e7c9e9853e8ec7bd3f5e9ab4e01eb2c3fbbfda90840cba9cbbd285359ff148
results_reference/forecasting/wind/Turbine_1/test_predictions_extreme_0miss_trans.csv,43704,b88b493a1bb2ef28610f08a2fefbde8e581a55b8cf689e3f17091918c9908f41
results_reference/forecasting/wind/Turbine_1/test_predictions_extreme_dnn.csv,43731,917d519e2f2dbe46a54b536ba0318297feb35b9b4d0c6968157dc1d7c544338d
results_reference/forecasting/wind/Turbine_1/test_predictions_extreme_gru.csv,43699,8ce502cff0bc73c57df1a5a024bf95ffa7e5d192c6bd992a5dfd580bed75ce91
results_reference/forecasting/wind/Turbine_1/test_predictions_extreme_lstm.csv,43714,0cc4ae3fff7d2b2f455769b2dc742ae8c5e90bc1ca1ab880559906e902c86954
results_reference/forecasting/wind/Turbine_1/test_predictions_extreme_pinn.csv,43726,8020e176cf3129660f9d93069162e772189e84a4d1d59eb184d2803d77aa4003
results_reference/forecasting/wind/Turbine_1/test_predictions_extreme_tcn.csv,43682,292bad0f92323b300fbfc6aaea1a829c09f33be8809846d22cb1bbcdc2c8bacb
results_reference/forecasting/wind/Turbine_1/test_predictions_extreme_trans.csv,43677,e3bc7be78940c2da3889d26d22a71a7b7b79dbed342df53dd672a7127822ccc3
results_reference/forecasting/wind/Turbine_1/test_predictions_gru.csv,179251,71d181b08c98f0f3402461cf24e8b2b1e65454cfd0a001e773690785216958ff
results_reference/forecasting/wind/Turbine_1/test_predictions_lstm.csv,179239,74e54744808d420600646bfb0ff9464a9d4d1f2d0db539b596281fde9a9f72a5
results_reference/forecasting/wind/Turbine_1/test_predictions_pinn.csv,179309,529614ce83b6fba748bc3b50791739fbb50cda5727583ef35b7b3d08d365e9c2
results_reference/forecasting/wind/Turbine_1/test_predictions_tcn.csv,179246,5641f80c359956819e95ebbeb55554915d654c4c4de1244d7fdaf56e12dd537c
results_reference/forecasting/wind/Turbine_1/test_predictions_trans.csv,179344,eeed7287ce750298f88e7a3ec02d7b76b44b92c30757fcba6b0aabd0eaf973e6
results_reference/forecasting/wind/Turbine_2/history_dnn.csv,10670,58137a75bbcb4a62fadc770243c157f3b7c66a80d1e738edcad76e057354967e
results_reference/forecasting/wind/Turbine_2/history_gru.csv,5417,864ac2d1d98f1340bf8d154ae4f4c84203183fe832babe20e6b7d4c53b9e21b3
results_reference/forecasting/wind/Turbine_2/history_lstm.csv,7247,6f29336fd906790fd9136e39290f200a91c8e49f0f971db56013d266fca4c114
results_reference/forecasting/wind/Turbine_2/history_pinn.csv,12593,a5e5cbc0f8097e5f75578095fca0df6002edda9595a057d98e8b82709402f11b
results_reference/forecasting/wind/Turbine_2/history_tcn.csv,9012,a701a627829477f883a8aee37d8fb094d4654b62760bd5cde9e0e4d9d9ae94f4
results_reference/forecasting/wind/Turbine_2/history_trans.csv,5039,9ae06aa5533ea984df365e5a0dfc64af4df0ade8d01fc167a13967cfc28706c7
results_reference/forecasting/wind/Turbine_2/test_metrics.json,19287,36d0eadeb9d2b0e393c13eb37fb0056ddd703df3d8bb53a6448cba7d56dbe5eb
results_reference/forecasting/wind/Turbine_2/test_predictions_dnn.csv,192940,9d059092ac44536170fe3e3993d9dd649a4fcf17e0440bb632182badfc7c0bc7
results_reference/forecasting/wind/Turbine_2/test_predictions_extreme_0miss_dnn.csv,70352,e969da75a9919d54441b2f5313dfe28b4ba16c7e8cd191615be51005cca16311
results_reference/forecasting/wind/Turbine_2/test_predictions_extreme_0miss_gru.csv,70283,9898b085440d3a8157e9b3a958ecfd5a6dcae04782bf25129dae313ce48b7fdd
results_reference/forecasting/wind/Turbine_2/test_predictions_extreme_0miss_lstm.csv,70187,20a30dc947125d91b351606f34944094a887ccea56d3ca6f25964f2f2838f17a
results_reference/forecasting/wind/Turbine_2/test_predictions_extreme_0miss_pinn.csv,70232,e9041caadc5e0dd907c729eb34911566457eab63d2ea305eab8733596638d05f
results_reference/forecasting/wind/Turbine_2/test_predictions_extreme_0miss_tcn.csv,70187,025e36f681379457253ec3c8b92dd6f9586a9e9f8cccd254bb1989948b4371d0
results_reference/forecasting/wind/Turbine_2/test_predictions_extreme_0miss_trans.csv,70294,555faa8d05e50ba726183224bbffa242048598561844728da221c038cc311ed8
results_reference/forecasting/wind/Turbine_2/test_predictions_extreme_dnn.csv,70337,4a0fe521e1b8b44c38532a443ba7b4b6eea32dfc597e57ea63cd9d416b813d76
results_reference/forecasting/wind/Turbine_2/test_predictions_extreme_gru.csv,70309,7ebcb1df2ddf50c210d218df2353f7841cc33ce07c99faa0f06d9c764cd5331e
results_reference/forecasting/wind/Turbine_2/test_predictions_extreme_lstm.csv,70317,f7ee6b055be32c60ffc11eee14cbc2ecb514648ad3dd86feaff463bbef47140d
results_reference/forecasting/wind/Turbine_2/test_predictions_extreme_pinn.csv,70307,3f6ffdec86faca72a55916eb7c6c4dc77fd3ff56faec23ff62e89963016fcae1
results_reference/forecasting/wind/Turbine_2/test_predictions_extreme_tcn.csv,70374,d89f723936f886f45799ace1ad4d4002ae9a45319886e8aeac5368c8ad007914
results_reference/forecasting/wind/Turbine_2/test_predictions_extreme_trans.csv,70345,1c7441e176345a642717f97b41233cd4afbb34596a1c382d20205b5666770a2f
results_reference/forecasting/wind/Turbine_2/test_predictions_gru.csv,192864,36e34f0395f39f9b36a4d8712223ae6b24d7b9ff013d6a6ed674928ad844af06
results_reference/forecasting/wind/Turbine_2/test_predictions_lstm.csv,192776,06647a88bf92acedd1ddbb25bbe98bb2b8f2937d8000a03fd3da4ae978861ebd
results_reference/forecasting/wind/Turbine_2/test_predictions_pinn.csv,192852,9763e4de2f3ad69629a07e4a6bba34f9ca36cd9f616bfd9f74ec2038e028b074
results_reference/forecasting/wind/Turbine_2/test_predictions_tcn.csv,192823,70345ce3751d7eec7501dc2d91d026baf43982b0a23a6d3a0f0767311e36ff1a
results_reference/forecasting/wind/Turbine_2/test_predictions_trans.csv,192911,aa9f0c6baaf56c93e2a4d01b8ae14256262df2b9298593fa1780412ca96c3539
results_reference/forecasting/wind/Turbine_3/history_dnn.csv,7248,0afe58f9d72f09c6fe7d25dff099b9570f3248a44c330168f65eb55ec590c823
results_reference/forecasting/wind/Turbine_3/history_gru.csv,5031,7d02cdf57b58c7667a8abbcfcac3292897f95d2851491a663508fad54ec8017a
results_reference/forecasting/wind/Turbine_3/history_lstm.csv,8940,ed867511d393a8a40d7e42abe40b9e9ea594ce0026ef19cd7dde95b05f3bdb50
results_reference/forecasting/wind/Turbine_3/history_pinn.csv,13445,c3d7c821e212ac031cd96bafd273749624076ba9b132ccd73510a5e35f905924
results_reference/forecasting/wind/Turbine_3/history_tcn.csv,11410,b58d5ad47e701df2be5d6e67039e66cbe2fed33d6cc0cba8e71fc8123f383b2e
results_reference/forecasting/wind/Turbine_3/history_trans.csv,5047,5ae007234b0b4e424b0bf9a0c86c6cf803c5c2e66dc4a483525671b721da4860
results_reference/forecasting/wind/Turbine_3/test_metrics.json,19356,55dcf9d81c8b59202bfd7afac1d7a4bae71a0a7da5fea90a2cbd2ea1409fd37b
results_reference/forecasting/wind/Turbine_3/test_predictions_dnn.csv,200588,5c455e06f45277082680df191b3818db957666225ccdde257fd85e120533a580
results_reference/forecasting/wind/Turbine_3/test_predictions_extreme_0miss_dnn.csv,70386,a2d1cbd57902828a24199081845142d63443d07fdff63602b42ab39370559890
results_reference/forecasting/wind/Turbine_3/test_predictions_extreme_0miss_gru.csv,70289,19357207e9e1cf151cb9fa174a4e37b171ec2c9a941cdd48cba27662c085604c
results_reference/forecasting/wind/Turbine_3/test_predictions_extreme_0miss_lstm.csv,70353,2ce17d41b6b4c5950640e59a2434ec9bc1d5735c141ee48c2396b0e9fcdbbf7b
results_reference/forecasting/wind/Turbine_3/test_predictions_extreme_0miss_pinn.csv,70371,ab50658190b58b10f44381871c2cdd754e53896a89d134a837b9272369de3add
results_reference/forecasting/wind/Turbine_3/test_predictions_extreme_0miss_tcn.csv,70388,d53c7dcb0d0a484061a456159af8665466b21c08966c74f1c2f23856697aaaa5
results_reference/forecasting/wind/Turbine_3/test_predictions_extreme_0miss_trans.csv,70415,9742d8926865f14e545b56cf31423c1bc91281ad0e00e4e2b79aa4b2487d7f24
results_reference/forecasting/wind/Turbine_3/test_predictions_extreme_dnn.csv,70425,9f3f0c2379b181997ea72105ead64cb92438c59612eda2dfdfde4fbe499add7a
results_reference/forecasting/wind/Turbine_3/test_predictions_extreme_gru.csv,70390,9b70dc583e53bb8444da88ecbc87afeb4218e63e4d83c551e3ab461e2a749607
results_reference/forecasting/wind/Turbine_3/test_predictions_extreme_lstm.csv,70449,86c09447037a4ead3e4257604a8ad8f8c9db3fddba634059c8e7763a23900a22
results_reference/forecasting/wind/Turbine_3/test_predictions_extreme_pinn.csv,70355,7a686df500d26890f11dfdbbc5c8546bc3aee397e89689b1f8b2c163890cc186
results_reference/forecasting/wind/Turbine_3/test_predictions_extreme_tcn.csv,70504,11f998689dfd7bdbc68101a9ca98e50f1d1da7e038bf74fa9ac961b8c571a3d5
results_reference/forecasting/wind/Turbine_3/test_predictions_extreme_trans.csv,70478,2bac5b6810c588d4c0425e82f3bb9967e4c41018ba003bb163d9ee39a091856e
results_reference/forecasting/wind/Turbine_3/test_predictions_gru.csv,200459,221801e66850fa2ba8615d3a735dcd87abb083c568ede8f2d5dc05d51d339baf
results_reference/forecasting/wind/Turbine_3/test_predictions_lstm.csv,200542,2f18ffcc0805e79330ed6fa9156a5f6acbeca2ebde60dac7263f29f120d6f56a
results_reference/forecasting/wind/Turbine_3/test_predictions_pinn.csv,200571,96c0df3315ae4217eed640b73a387b039eee4df78daa934575dbbd64b75b95c5
results_reference/forecasting/wind/Turbine_3/test_predictions_tcn.csv,200621,76c7d2f042403b3f98416c6cdfdf595c9e3dfb27b8d0ff292256d9c9a91a6525
results_reference/forecasting/wind/Turbine_3/test_predictions_trans.csv,200629,7f5d76720a8eecb4726ffcf1bfcc2adff8ec98d2e2255189053b3b3cdf54d838
results_reference/scheduling/manual_first_frame/G10_PM_M/actual_generation/case_metadata.json,2396,2c42ee3543f618aedf199300b56553751290a0b442cfc34361c94423656fa3ec
results_reference/scheduling/manual_first_frame/G10_PM_M/actual_generation/key_events.json,3478,9b9bbbdebd48d412d2e5fb53d2b30814649ed8f83e9fafee476666018e7f8f9f
results_reference/scheduling/manual_first_frame/G10_PM_M/actual_generation/mix_rover_positions.meta.csv,154,239852f4e4968b7c2db17d2c52c533960dfa1f5a83c4d5e7d2ff297da46b7167
results_reference/scheduling/manual_first_frame/G10_PM_M/actual_generation/mix_rover_positions.positions.csv,1909026,ea66628a334e1bd8e9e031acd6cc023ba026d9faa8481bd82de88ade90d66edf
results_reference/scheduling/manual_first_frame/G10_PM_M/actual_generation/mode_transitions.csv,893,780693bc9fbf8a6adba09e5e748d1c80d32038f61cc32dfd8b8c70e3986ac611
results_reference/scheduling/manual_first_frame/G10_PM_M/actual_generation/station_history.csv,1968075,d806bb7367223b0f159a290eeec334346c412bd33ba2c3fd9613168ba79cfa45
results_reference/scheduling/manual_first_frame/G10_PM_M/actual_generation/transport_mission_history.csv,663659,36dc0567c8033023b1f4bbd81ba374ae802dcd90616141e72df319122c0f3102
results_reference/scheduling/manual_first_frame/G10_PM_M/actual_generation/vehicle_output_power_history.csv,2636912,68dd0dd11d2f8267cccafa62b8ca4c3d8de61a2bd0cea6fdb08272e7de2a305c
results_reference/scheduling/manual_first_frame/G10_PM_M/actual_generation/vehicle_soc_history.csv,1765413,68f0598c84b6f853332e823e9abf44e462e4b263eeaacb3e9c89d0e9686d0078
results_reference/scheduling/manual_first_frame/G10_PM_M/actual_generation/vehicle_state_history.csv,2775019,0e3aecbb5305b14bb636daf3e53cef0ad6055d714a2cd16e9a3ec0a599fc29a2
results_reference/scheduling/manual_first_frame/G10_PM_M/comparison_summary.json,4143,a98d572f8cc09063091120320ab8302f3a581d53a93fea84da8bdfe20278c959
results_reference/scheduling/manual_first_frame/G10_PM_M/predicted_generation/case_metadata.json,2423,5fbf70842d67142cb50200f7c5ffcb75f0d4bcb8e9b39fc16268e8fab36ad907
results_reference/scheduling/manual_first_frame/G10_PM_M/predicted_generation/key_events.json,3459,bd02df9daa4539e92c77aae57b0c8d7fb9f45e8933a1079a50df69c8443b607a
results_reference/scheduling/manual_first_frame/G10_PM_M/predicted_generation/mix_rover_positions.meta.csv,154,239852f4e4968b7c2db17d2c52c533960dfa1f5a83c4d5e7d2ff297da46b7167
results_reference/scheduling/manual_first_frame/G10_PM_M/predicted_generation/mix_rover_positions.positions.csv,1884106,ce0f1835649ca99b93cbfac71939c4c56061afd82d2d1ef663fafc6162ad0c30
results_reference/scheduling/manual_first_frame/G10_PM_M/predicted_generation/mode_transitions.csv,865,8a478c83eb84291338c86ee37958ed8a3239c393fbc3b6e78731c28de497cd78
results_reference/scheduling/manual_first_frame/G10_PM_M/predicted_generation/station_history.csv,1967384,28895fb528d8d7c5b9fbf187e20c7663caeff5411551d2cc59df56216b175854
results_reference/scheduling/manual_first_frame/G10_PM_M/predicted_generation/transport_mission_history.csv,663659,96549c7379cec4d81020c2878217b28f6ca40fcbd22c0eb747717980bbf22d49
results_reference/scheduling/manual_first_frame/G10_PM_M/predicted_generation/vehicle_output_power_history.csv,2509442,05dd057fe920915659ebdeb97e51a1a2cd8a17a953099c5f8459514f80166344
results_reference/scheduling/manual_first_frame/G10_PM_M/predicted_generation/vehicle_soc_history.csv,1762775,a2f47e42062cb8f1c9eb1f6347a624e20eaec05dd09af8d78d78285e09280734
results_reference/scheduling/manual_first_frame/G10_PM_M/predicted_generation/vehicle_state_history.csv,2749651,1d11df557be5956f244c6bab019aa7635beef6ccbcda0ee2b14cea86b8f720f0
results_reference/scheduling/manual_first_frame/G11_PM_L/actual_generation/case_metadata.json,2392,8cfff84a7296bc9bac15a0c85dcbad43b483c118598d3e15a6e140da10c4a78e
results_reference/scheduling/manual_first_frame/G11_PM_L/actual_generation/key_events.json,4047,d582ac15771dc27f59e299e8df85b52522f94cf38d67bfb5ce1bc9822f4a911c
results_reference/scheduling/manual_first_frame/G11_PM_L/actual_generation/mix_rover_positions.meta.csv,154,239852f4e4968b7c2db17d2c52c533960dfa1f5a83c4d5e7d2ff297da46b7167
results_reference/scheduling/manual_first_frame/G11_PM_L/actual_generation/mix_rover_positions.positions.csv,2115158,2c09c0110951919e08333c42134681d6e6b9bc33a4e8288bd83f8b4bc860e292
results_reference/scheduling/manual_first_frame/G11_PM_L/actual_generation/mode_transitions.csv,1146,4685bd915023da7fafafa5adc8d17d442729ca64048367140f0c88a4ff2aeb22
results_reference/scheduling/manual_first_frame/G11_PM_L/actual_generation/station_history.csv,1981730,886b8b531a2b484a1f2a3e05ff4811def104e3bee96ed37cca7be82ff2a4f349
results_reference/scheduling/manual_first_frame/G11_PM_L/actual_generation/transport_mission_history.csv,663659,d76a888e4a8cb005362bd51c44352e16d7c29489054a5bd15d70fa088375e085
results_reference/scheduling/manual_first_frame/G11_PM_L/actual_generation/vehicle_output_power_history.csv,2046346,fbc1e0fe3fc59033ad9e63ac71e61758a336cb786cd1e0b12e6078a5e7c4b46d
results_reference/scheduling/manual_first_frame/G11_PM_L/actual_generation/vehicle_soc_history.csv,1554534,5391458ed8b387d98da0260a3142e88ed0b93bb597292e3c4de69ef43708f0ea
results_reference/scheduling/manual_first_frame/G11_PM_L/actual_generation/vehicle_state_history.csv,3101061,26d1aef3da9207ea77c4da8e9eb3554b8da544db79e63e2b406ac4cbec401df7
results_reference/scheduling/manual_first_frame/G11_PM_L/comparison_summary.json,4123,ae3331385830660548d81d4f4fcff066f469b8a18d79320fcacbb1703934f993
results_reference/scheduling/manual_first_frame/G11_PM_L/predicted_generation/case_metadata.json,2419,980f185136f07c8d0ced2749b516d0a5f0724389d1746e5f7e2edfec478dba18
results_reference/scheduling/manual_first_frame/G11_PM_L/predicted_generation/key_events.json,4075,8a3fa36b44258be8477df2f640bbbcf8dddda384d9fdbe1d1a583fc59ba57728
results_reference/scheduling/manual_first_frame/G11_PM_L/predicted_generation/mix_rover_positions.meta.csv,154,239852f4e4968b7c2db17d2c52c533960dfa1f5a83c4d5e7d2ff297da46b7167
results_reference/scheduling/manual_first_frame/G11_PM_L/predicted_generation/mix_rover_positions.positions.csv,2115016,90134ac07e970210487dbe4b0b72b3bd2ac50f58a2d6cf22bafa317768811d22
results_reference/scheduling/manual_first_frame/G11_PM_L/predicted_generation/mode_transitions.csv,1122,18c86136cc0f0e9eb14596ff11758331a2841e1be0ae71b640aace17078bb897
results_reference/scheduling/manual_first_frame/G11_PM_L/predicted_generation/station_history.csv,1985371,03d56e5c1948fefdf23e1849e9ca507c0890fee561f434e45e838db241cedbaa
results_reference/scheduling/manual_first_frame/G11_PM_L/predicted_generation/transport_mission_history.csv,663659,d76a888e4a8cb005362bd51c44352e16d7c29489054a5bd15d70fa088375e085
results_reference/scheduling/manual_first_frame/G11_PM_L/predicted_generation/vehicle_output_power_history.csv,2049656,bd27ba1bfd84fe6d95f06915ac20b03dc67ff0925a0f74c43529e995941f727d
results_reference/scheduling/manual_first_frame/G11_PM_L/predicted_generation/vehicle_soc_history.csv,1558494,c4fb27d929dae41027421dd39fde7e2d7edfd6c2505988fd03cbb2701a49eeab
results_reference/scheduling/manual_first_frame/G11_PM_L/predicted_generation/vehicle_state_history.csv,3100335,501397f9aaf365bc4def6bab87ef75209e9b346db9b96f9161eeb89b8cd6f934
results_reference/scheduling/manual_first_frame/G12_PM_X/actual_generation/case_metadata.json,2398,3433b5cc455708b1e461043f43fbdcfad252c6ceda10cc49efb557e9f2160272
results_reference/scheduling/manual_first_frame/G12_PM_X/actual_generation/key_events.json,3389,dd6ee690147045f77838803647d9e194aecfac36a780620243566d98ad219f77
results_reference/scheduling/manual_first_frame/G12_PM_X/actual_generation/mix_rover_positions.meta.csv,154,239852f4e4968b7c2db17d2c52c533960dfa1f5a83c4d5e7d2ff297da46b7167
results_reference/scheduling/manual_first_frame/G12_PM_X/actual_generation/mix_rover_positions.positions.csv,2136357,c69a4735447d44963b76bef201b26a543d5ed9fe94d2c7fdbb72dfc2f2f65a8f
results_reference/scheduling/manual_first_frame/G12_PM_X/actual_generation/mode_transitions.csv,956,1726b46017ee929d959bed3c4590c2d977f1083284401d000104f9f3b86654c0
results_reference/scheduling/manual_first_frame/G12_PM_X/actual_generation/station_history.csv,1973722,2b1e71a218e73fc562a35e96e6c14d77e1d7a606fbf42bf64dd38ccfefcd3394
results_reference/scheduling/manual_first_frame/G12_PM_X/actual_generation/transport_mission_history.csv,663659,49b0092961e632ef80a183978550a1c90b86a18a7203a1c1f61f47751e18cdc5
results_reference/scheduling/manual_first_frame/G12_PM_X/actual_generation/vehicle_output_power_history.csv,2646959,f93d0696c8dd7132ddcb56a63cdc3323ba357dcade86cfad59334d660afcb159
results_reference/scheduling/manual_first_frame/G12_PM_X/actual_generation/vehicle_soc_history.csv,1623332,c22dae84293253dae235656dce9119b4454c548ce2d1b4c5885344076d2b4d2d
results_reference/scheduling/manual_first_frame/G12_PM_X/actual_generation/vehicle_state_history.csv,3005077,dbac808583e97a94f92d8f5386db29b2deff67755e533899be33fb4b7ec1825a
results_reference/scheduling/manual_first_frame/G12_PM_X/comparison_summary.json,4151,aeff246e4f2556f9b122b1f831d9064a6b4735b904c3178a7ab8cfe8d7bef1d8
results_reference/scheduling/manual_first_frame/G12_PM_X/predicted_generation/case_metadata.json,2419,db1fc1ee3097e8938cd200096138013868d964d5a466a945ca569441a6583d32
results_reference/scheduling/manual_first_frame/G12_PM_X/predicted_generation/key_events.json,3427,1212f5add0449400e0aee8ee50dde8eacbfa5b4c27df94ae74e0b644e5300c50
results_reference/scheduling/manual_first_frame/G12_PM_X/predicted_generation/mix_rover_positions.meta.csv,154,239852f4e4968b7c2db17d2c52c533960dfa1f5a83c4d5e7d2ff297da46b7167
results_reference/scheduling/manual_first_frame/G12_PM_X/predicted_generation/mix_rover_positions.positions.csv,2135991,868440ce497267681d38fde8e179d3b77fce2c1908f0935860f5e741f8459761
results_reference/scheduling/manual_first_frame/G12_PM_X/predicted_generation/mode_transitions.csv,955,349a3c7ea1d55316255e3d4fb488a4cb6afc11a0c7856e06c564ed509e7f36f8
results_reference/scheduling/manual_first_frame/G12_PM_X/predicted_generation/station_history.csv,1974460,8ec93d5438ddc28d95222ee0dab09c4710a745ba6cc32538c4ed45f7fa61c0fa
results_reference/scheduling/manual_first_frame/G12_PM_X/predicted_generation/transport_mission_history.csv,663659,49b0092961e632ef80a183978550a1c90b86a18a7203a1c1f61f47751e18cdc5
results_reference/scheduling/manual_first_frame/G12_PM_X/predicted_generation/vehicle_output_power_history.csv,2506061,ade2496a0ae39ac4e5ff48714272a6947d2ea615f379a949428933427b25b98f
results_reference/scheduling/manual_first_frame/G12_PM_X/predicted_generation/vehicle_soc_history.csv,1623011,7d5edadc4e092409e2a242f3520f02572a2214ffbf918e08338d6cd6cdfcafe3
results_reference/scheduling/manual_first_frame/G12_PM_X/predicted_generation/vehicle_state_history.csv,3005886,8be571034a9da79d487cc1186fd25051cbc5b765704444948c081a675844bba5
results_reference/scheduling/manual_first_frame/G1_AM_H/actual_generation/case_metadata.json,2388,d12de95a6825b4cde45dc4da4605f66641cea8bbe1d4f3b74b384596459ae4b9
results_reference/scheduling/manual_first_frame/G1_AM_H/actual_generation/key_events.json,2406,c34c5767dbbaf4ffc08d08f77bd184af153414cc7bb50c77ab6298618ab8def4
results_reference/scheduling/manual_first_frame/G1_AM_H/actual_generation/mix_rover_positions.meta.csv,154,239852f4e4968b7c2db17d2c52c533960dfa1f5a83c4d5e7d2ff297da46b7167
results_reference/scheduling/manual_first_frame/G1_AM_H/actual_generation/mix_rover_positions.positions.csv,1888170,660730a840554645aacae18c6332f5b6d87f16d36675c82b8e15b9b3abd7c773
results_reference/scheduling/manual_first_frame/G1_AM_H/actual_generation/mode_transitions.csv,517,8f89dd7959b8af02d499a64afb601d8140d50d42163e49e823c82771561fef44
results_reference/scheduling/manual_first_frame/G1_AM_H/actual_generation/station_history.csv,1903425,fa1d366d8b7905cfc00348de3fdd4f97f2eb12445a514f0384c13346e86e65fb
results_reference/scheduling/manual_first_frame/G1_AM_H/actual_generation/transport_mission_history.csv,663659,d34f3710abe8009c8a75e9ae98e614858a55aa6665c25ae58d2a5f7f6b90210f
results_reference/scheduling/manual_first_frame/G1_AM_H/actual_generation/vehicle_output_power_history.csv,2909222,38f1e80e2feb7c65826c14b8333c741bb1b9e2a26d4d074dd637fb4cb5807eda
results_reference/scheduling/manual_first_frame/G1_AM_H/actual_generation/vehicle_soc_history.csv,1731568,592fe31b6214c621656680cd7e129d1774045d7eff95ae46763717afe5ddf9ea
results_reference/scheduling/manual_first_frame/G1_AM_H/actual_generation/vehicle_state_history.csv,2681529,6308d714d61705c4a8edf7a61af7b0ee6ac93206d57e842303824336e3856b74
results_reference/scheduling/manual_first_frame/G1_AM_H/comparison_summary.json,4087,d6d560c76a1a7ccb45e462cb187df8c89d755330c35350b57e5376b2c1ccef43
results_reference/scheduling/manual_first_frame/G1_AM_H/predicted_generation/case_metadata.json,2415,038d2d913af8e8f57ccfa0d0602fdd92b0f485a4677fdb9e858da357e02a51b4
results_reference/scheduling/manual_first_frame/G1_AM_H/predicted_generation/key_events.json,2413,f0db6202fdd63176320c3aa5bad8722a06ee0045e3224023614b7cd71b9c668c
results_reference/scheduling/manual_first_frame/G1_AM_H/predicted_generation/mix_rover_positions.meta.csv,154,239852f4e4968b7c2db17d2c52c533960dfa1f5a83c4d5e7d2ff297da46b7167
results_reference/scheduling/manual_first_frame/G1_AM_H/predicted_generation/mix_rover_positions.positions.csv,1888170,660730a840554645aacae18c6332f5b6d87f16d36675c82b8e15b9b3abd7c773
results_reference/scheduling/manual_first_frame/G1_AM_H/predicted_generation/mode_transitions.csv,517,8f89dd7959b8af02d499a64afb601d8140d50d42163e49e823c82771561fef44
results_reference/scheduling/manual_first_frame/G1_AM_H/predicted_generation/station_history.csv,1623439,9396803aa70a4d74ecb8e1ce1f78cb5185e059c8052f8b213c524e0de296fa9e
results_reference/scheduling/manual_first_frame/G1_AM_H/predicted_generation/transport_mission_history.csv,663659,d34f3710abe8009c8a75e9ae98e614858a55aa6665c25ae58d2a5f7f6b90210f
results_reference/scheduling/manual_first_frame/G1_AM_H/predicted_generation/vehicle_output_power_history.csv,3047696,e33f240723dcff3292740c60438522b02a9b2df694dc9cf78dd423285b019396
results_reference/scheduling/manual_first_frame/G1_AM_H/predicted_generation/vehicle_soc_history.csv,1745727,ab9698a4f6ea8ff6b5c6a18fbb9baf76ba4bb999bccb04dd82b59d4dfc9371b2
results_reference/scheduling/manual_first_frame/G1_AM_H/predicted_generation/vehicle_state_history.csv,2681529,6308d714d61705c4a8edf7a61af7b0ee6ac93206d57e842303824336e3856b74
results_reference/scheduling/manual_first_frame/G2_AM_M/actual_generation/case_metadata.json,2395,43fa7bb6a641777e901328ca96bc9b34ded3b0dda7c34aa8eda6dc487f3e66a1
results_reference/scheduling/manual_first_frame/G2_AM_M/actual_generation/key_events.json,3496,aa7a661297264c1b1020290469280dcc221ac94acb34af2e582ee4e17c881b50
results_reference/scheduling/manual_first_frame/G2_AM_M/actual_generation/mix_rover_positions.meta.csv,154,239852f4e4968b7c2db17d2c52c533960dfa1f5a83c4d5e7d2ff297da46b7167
results_reference/scheduling/manual_first_frame/G2_AM_M/actual_generation/mix_rover_positions.positions.csv,1884106,ce0f1835649ca99b93cbfac71939c4c56061afd82d2d1ef663fafc6162ad0c30
results_reference/scheduling/manual_first_frame/G2_AM_M/actual_generation/mode_transitions.csv,864,9e72070383926d002198374558728b5e448992734c52afbd4eceddc85316aa34
results_reference/scheduling/manual_first_frame/G2_AM_M/actual_generation/station_history.csv,1915810,f6f2757823b52e6b1090576fff14c0a27631e457d74fc393ea4273f709a5599d
results_reference/scheduling/manual_first_frame/G2_AM_M/actual_generation/transport_mission_history.csv,663659,96549c7379cec4d81020c2878217b28f6ca40fcbd22c0eb747717980bbf22d49
results_reference/scheduling/manual_first_frame/G2_AM_M/actual_generation/vehicle_output_power_history.csv,2721572,97f90c0d19c5468b606414a4fb92ec1b16ad1967376f3c289f6e45b6753952a6
results_reference/scheduling/manual_first_frame/G2_AM_M/actual_generation/vehicle_soc_history.csv,1766326,10912709c64541ff90b0377241d3dd4aad4c1478ca934ff0620a2100c9af76df
results_reference/scheduling/manual_first_frame/G2_AM_M/actual_generation/vehicle_state_history.csv,2741089,4c922ee18774147bde048d733f1f127130cbaa78619608276d6ba858e9dd45bc
results_reference/scheduling/manual_first_frame/G2_AM_M/comparison_summary.json,4144,93f8aea4d14012fc92114f0bb4b912f239213d0ce8bc862b611367483fb34ca4
results_reference/scheduling/manual_first_frame/G2_AM_M/predicted_generation/case_metadata.json,2422,bf2c89a29617fac0ff6f8947104fc8d2437dc4cfd213fb9be27fb8749846b300
results_reference/scheduling/manual_first_frame/G2_AM_M/predicted_generation/key_events.json,3503,b953ae7bbc139f989d5fa42a661b8120b4afc616c277d97d139bcb9fa770af3e
results_reference/scheduling/manual_first_frame/G2_AM_M/predicted_generation/mix_rover_positions.meta.csv,154,239852f4e4968b7c2db17d2c52c533960dfa1f5a83c4d5e7d2ff297da46b7167
results_reference/scheduling/manual_first_frame/G2_AM_M/predicted_generation/mix_rover_positions.positions.csv,1884106,ce0f1835649ca99b93cbfac71939c4c56061afd82d2d1ef663fafc6162ad0c30
results_reference/scheduling/manual_first_frame/G2_AM_M/predicted_generation/mode_transitions.csv,865,8a478c83eb84291338c86ee37958ed8a3239c393fbc3b6e78731c28de497cd78
results_reference/scheduling/manual_first_frame/G2_AM_M/predicted_generation/station_history.csv,1635917,d73e19b8d82c9e8471e7f01017d5ac02cbffea44d5acf324b90d471a4dbd80fe
results_reference/scheduling/manual_first_frame/G2_AM_M/predicted_generation/transport_mission_history.csv,663659,96549c7379cec4d81020c2878217b28f6ca40fcbd22c0eb747717980bbf22d49
results_reference/scheduling/manual_first_frame/G2_AM_M/predicted_generation/vehicle_output_power_history.csv,2509442,05dd057fe920915659ebdeb97e51a1a2cd8a17a953099c5f8459514f80166344
results_reference/scheduling/manual_first_frame/G2_AM_M/predicted_generation/vehicle_soc_history.csv,1762775,a2f47e42062cb8f1c9eb1f6347a624e20eaec05dd09af8d78d78285e09280734
results_reference/scheduling/manual_first_frame/G2_AM_M/predicted_generation/vehicle_state_history.csv,2749651,1d11df557be5956f244c6bab019aa7635beef6ccbcda0ee2b14cea86b8f720f0
results_reference/scheduling/manual_first_frame/G3_AM_L/actual_generation/case_metadata.json,2391,e6dafed9475d5704cf8777db7953b93fd05ab98eadabfd2e313af94dccc04cae
results_reference/scheduling/manual_first_frame/G3_AM_L/actual_generation/key_events.json,3887,e775437eaaa079b3b33f75db2acc8eb359282c7d5e2702598424350245a27378
results_reference/scheduling/manual_first_frame/G3_AM_L/actual_generation/mix_rover_positions.meta.csv,154,239852f4e4968b7c2db17d2c52c533960dfa1f5a83c4d5e7d2ff297da46b7167
results_reference/scheduling/manual_first_frame/G3_AM_L/actual_generation/mix_rover_positions.positions.csv,2115849,5604bb35705a25e91b663a3d188dbb27cbde0fbc5238228667e9a14bde936ff7
results_reference/scheduling/manual_first_frame/G3_AM_L/actual_generation/mode_transitions.csv,871,4ad9cafcb1b0527f89fcd68065d3e59e409b6676c8c2fc49f6fe2537d8b12899
results_reference/scheduling/manual_first_frame/G3_AM_L/actual_generation/station_history.csv,1854621,f421658f9ddf9aba50ee0a17341871c2571e9352d9c632d6d88cddc443e89165
results_reference/scheduling/manual_first_frame/G3_AM_L/actual_generation/transport_mission_history.csv,663659,d76a888e4a8cb005362bd51c44352e16d7c29489054a5bd15d70fa088375e085
results_reference/scheduling/manual_first_frame/G3_AM_L/actual_generation/vehicle_output_power_history.csv,2030287,ab96253f671243bed5fa226b80993ec624358e68f4b7d628eee81004e594e554
results_reference/scheduling/manual_first_frame/G3_AM_L/actual_generation/vehicle_soc_history.csv,1552090,a27db8be668cfd3ae3f4b0baf59e9a7da6ce2e77b6019d431550b9d0e6807945
results_reference/scheduling/manual_first_frame/G3_AM_L/actual_generation/vehicle_state_history.csv,3110620,8ac97c3999e1bdc165cf58e9a0c9cc3de03adc71f6644c1d6386f9ef86b589c9
results_reference/scheduling/manual_first_frame/G3_AM_L/comparison_summary.json,4153,7e29abe1ff33589c09f270a2da60e45d31ac6a3cc4fdd822d028c4fba20c2656
results_reference/scheduling/manual_first_frame/G3_AM_L/predicted_generation/case_metadata.json,2418,5e9c1c6412ffa2ef1bd5fdbf64fe7abf1f7e6d0924381001d29599343775af57
results_reference/scheduling/manual_first_frame/G3_AM_L/predicted_generation/key_events.json,3891,9fd4b61811e3d03bec07f507cd02bae366149b9804e25c8f220d071dd6d81aea
results_reference/scheduling/manual_first_frame/G3_AM_L/predicted_generation/mix_rover_positions.meta.csv,154,239852f4e4968b7c2db17d2c52c533960dfa1f5a83c4d5e7d2ff297da46b7167
results_reference/scheduling/manual_first_frame/G3_AM_L/predicted_generation/mix_rover_positions.positions.csv,2115849,5604bb35705a25e91b663a3d188dbb27cbde0fbc5238228667e9a14bde936ff7
results_reference/scheduling/manual_first_frame/G3_AM_L/predicted_generation/mode_transitions.csv,871,4ad9cafcb1b0527f89fcd68065d3e59e409b6676c8c2fc49f6fe2537d8b12899
results_reference/scheduling/manual_first_frame/G3_AM_L/predicted_generation/station_history.csv,1574256,bea5210dc1a036ab6ee1763c2f5288243747ac60215b940af89e8c164e22ec11
results_reference/scheduling/manual_first_frame/G3_AM_L/predicted_generation/transport_mission_history.csv,663659,d76a888e4a8cb005362bd51c44352e16d7c29489054a5bd15d70fa088375e085
results_reference/scheduling/manual_first_frame/G3_AM_L/predicted_generation/vehicle_output_power_history.csv,2027956,1ea6c429db502d8ac393cdbc52936b1f4f22bd3125dd62d9fd0dbcdf3162cd1c
results_reference/scheduling/manual_first_frame/G3_AM_L/predicted_generation/vehicle_soc_history.csv,1552445,206f745c0854b40431ee6949017c8b3f2531d634ad79062ad982b7a56761a354
results_reference/scheduling/manual_first_frame/G3_AM_L/predicted_generation/vehicle_state_history.csv,3110635,7c7dfb5646a4f3333a43cc30835e5cef07a77ff90788db7c98681d679ff0b49d
results_reference/scheduling/manual_first_frame/G4_AM_X/actual_generation/case_metadata.json,2397,34ddcd908b065d744b8e361ca42951d62916f8cc2ddf2d9fd1e6cb0269399029
results_reference/scheduling/manual_first_frame/G4_AM_X/actual_generation/key_events.json,3443,9b2d7e3c64cac3769ce3b256ebf604204652db50016b419595e716e0a18e0487
results_reference/scheduling/manual_first_frame/G4_AM_X/actual_generation/mix_rover_positions.meta.csv,154,239852f4e4968b7c2db17d2c52c533960dfa1f5a83c4d5e7d2ff297da46b7167
results_reference/scheduling/manual_first_frame/G4_AM_X/actual_generation/mix_rover_positions.positions.csv,2136824,8d9f7ffa73d311de255f5913d0cd3c14a9f2225ea07abb369583ee6eba3cf086
results_reference/scheduling/manual_first_frame/G4_AM_X/actual_generation/mode_transitions.csv,845,dd2eea1a6efacc93bca729ecac9f4a3622b4cac481c42ae33b95b409ee77b573
results_reference/scheduling/manual_first_frame/G4_AM_X/actual_generation/station_history.csv,1874357,416ecd4987dcfff6da984f3dcfc04645c2a3fafcc05dc55a5fa861b933e466bb
results_reference/scheduling/manual_first_frame/G4_AM_X/actual_generation/transport_mission_history.csv,663659,49b0092961e632ef80a183978550a1c90b86a18a7203a1c1f61f47751e18cdc5
results_reference/scheduling/manual_first_frame/G4_AM_X/actual_generation/vehicle_output_power_history.csv,2684324,726618095afd887eb691c5925aeb59ffcac21f5f1a4703e193583db4a5613c86
results_reference/scheduling/manual_first_frame/G4_AM_X/actual_generation/vehicle_soc_history.csv,1624465,99335c03bdf196fdeb3d216895d79876df8d134d52a79557f4c44fd864ce5c36
results_reference/scheduling/manual_first_frame/G4_AM_X/actual_generation/vehicle_state_history.csv,3002626,5d5f89ccfcdfe42e0d7efaac1213121d350c8241c93eb508c3ddff22e2b0ff3f
results_reference/scheduling/manual_first_frame/G4_AM_X/comparison_summary.json,4160,ba5a38ae28d1fa24d49690f323b4e61a26f39c6e45c1ba142ce43a19c66afec0
results_reference/scheduling/manual_first_frame/G4_AM_X/predicted_generation/case_metadata.json,2418,24f087262e0a044e6865727acbf122a24dbf8670db1644bcc30563d337ccbd83
results_reference/scheduling/manual_first_frame/G4_AM_X/predicted_generation/key_events.json,3435,c2be047b83ce52ec4365ab2988762667dba79dd76a0b5c55049b8eb7fbc53587
results_reference/scheduling/manual_first_frame/G4_AM_X/predicted_generation/mix_rover_positions.meta.csv,154,239852f4e4968b7c2db17d2c52c533960dfa1f5a83c4d5e7d2ff297da46b7167
results_reference/scheduling/manual_first_frame/G4_AM_X/predicted_generation/mix_rover_positions.positions.csv,2136824,8d9f7ffa73d311de255f5913d0cd3c14a9f2225ea07abb369583ee6eba3cf086
results_reference/scheduling/manual_first_frame/G4_AM_X/predicted_generation/mode_transitions.csv,833,a0d35250a06b2248921c78120123fc509fdd53a6c1354a1f34f67427c687f5ec
results_reference/scheduling/manual_first_frame/G4_AM_X/predicted_generation/station_history.csv,1594260,40cf94fc0dc667b4836a0f1273f8ac40a8265d7fd1dffa5840509186529b2be2
results_reference/scheduling/manual_first_frame/G4_AM_X/predicted_generation/transport_mission_history.csv,663659,49b0092961e632ef80a183978550a1c90b86a18a7203a1c1f61f47751e18cdc5
results_reference/scheduling/manual_first_frame/G4_AM_X/predicted_generation/vehicle_output_power_history.csv,2489516,632f3a814268cf03db9c9c66f188b275ad7f6b93de999e20839b9489d4101bea
results_reference/scheduling/manual_first_frame/G4_AM_X/predicted_generation/vehicle_soc_history.csv,1624519,374d88ae5849f700f05c85ab132ebceca4f8b2b21ecc7f3a8ed89a4aaceaf4e2
results_reference/scheduling/manual_first_frame/G4_AM_X/predicted_generation/vehicle_state_history.csv,3010388,3eda1acff067a85014bb4813c56309f9c6714764eb2c71cc2ca94bdfe1ff8c5d
results_reference/scheduling/manual_first_frame/G5_NN_H/actual_generation/case_metadata.json,2394,d3311f3fc10181c67cc5b445cda071cee4e23680dab4c9002693be557dc82374
results_reference/scheduling/manual_first_frame/G5_NN_H/actual_generation/key_events.json,2360,b62a3d03266897acf3a4cc08397edb07be8b55975ad06b540f8e035facfc6688
results_reference/scheduling/manual_first_frame/G5_NN_H/actual_generation/mix_rover_positions.meta.csv,154,239852f4e4968b7c2db17d2c52c533960dfa1f5a83c4d5e7d2ff297da46b7167
results_reference/scheduling/manual_first_frame/G5_NN_H/actual_generation/mix_rover_positions.positions.csv,1888170,660730a840554645aacae18c6332f5b6d87f16d36675c82b8e15b9b3abd7c773
results_reference/scheduling/manual_first_frame/G5_NN_H/actual_generation/mode_transitions.csv,517,8f89dd7959b8af02d499a64afb601d8140d50d42163e49e823c82771561fef44
results_reference/scheduling/manual_first_frame/G5_NN_H/actual_generation/station_history.csv,1958639,35c56e2657c8ae7fac7c18f88f43b2a9a58d3128d88635efc3d73f0226afda12
results_reference/scheduling/manual_first_frame/G5_NN_H/actual_generation/transport_mission_history.csv,663659,d34f3710abe8009c8a75e9ae98e614858a55aa6665c25ae58d2a5f7f6b90210f
results_reference/scheduling/manual_first_frame/G5_NN_H/actual_generation/vehicle_output_power_history.csv,3041798,3f81e0d457b54d1a1baf6d2223622986b323a33d2141d047952f27ebf3cf05b0
results_reference/scheduling/manual_first_frame/G5_NN_H/actual_generation/vehicle_soc_history.csv,1744824,3451d5e1f34e80a588998ae5ad8d669b600fb546ea0aa116ead048ca750c8e52
results_reference/scheduling/manual_first_frame/G5_NN_H/actual_generation/vehicle_state_history.csv,2681529,6308d714d61705c4a8edf7a61af7b0ee6ac93206d57e842303824336e3856b74
results_reference/scheduling/manual_first_frame/G5_NN_H/comparison_summary.json,4087,2b10c7e585559e92fa2ceff53281e0c5792bcaaceed3aff573ef1f945a214308
results_reference/scheduling/manual_first_frame/G5_NN_H/predicted_generation/case_metadata.json,2415,c3f649288658f8b515a29533cf539d3c9b217d35e1e8778187293a9f1d1ca595
results_reference/scheduling/manual_first_frame/G5_NN_H/predicted_generation/key_events.json,2369,702fc0f62900a062bc977f08f1cdad6e58268f7b0092aed25344ea7335c684d8
results_reference/scheduling/manual_first_frame/G5_NN_H/predicted_generation/mix_rover_positions.meta.csv,154,239852f4e4968b7c2db17d2c52c533960dfa1f5a83c4d5e7d2ff297da46b7167
results_reference/scheduling/manual_first_frame/G5_NN_H/predicted_generation/mix_rover_positions.positions.csv,1888170,660730a840554645aacae18c6332f5b6d87f16d36675c82b8e15b9b3abd7c773
results_reference/scheduling/manual_first_frame/G5_NN_H/predicted_generation/mode_transitions.csv,517,8f89dd7959b8af02d499a64afb601d8140d50d42163e49e823c82771561fef44
results_reference/scheduling/manual_first_frame/G5_NN_H/predicted_generation/station_history.csv,1958765,5d68c85f441883f7300831d03f6ac8dd628dfab00e99303f4e132bca258ddf64
results_reference/scheduling/manual_first_frame/G5_NN_H/predicted_generation/transport_mission_history.csv,663659,d34f3710abe8009c8a75e9ae98e614858a55aa6665c25ae58d2a5f7f6b90210f
results_reference/scheduling/manual_first_frame/G5_NN_H/predicted_generation/vehicle_output_power_history.csv,3047696,e33f240723dcff3292740c60438522b02a9b2df694dc9cf78dd423285b019396
results_reference/scheduling/manual_first_frame/G5_NN_H/predicted_generation/vehicle_soc_history.csv,1745727,ab9698a4f6ea8ff6b5c6a18fbb9baf76ba4bb999bccb04dd82b59d4dfc9371b2
results_reference/scheduling/manual_first_frame/G5_NN_H/predicted_generation/vehicle_state_history.csv,2681529,6308d714d61705c4a8edf7a61af7b0ee6ac93206d57e842303824336e3856b74
results_reference/scheduling/manual_first_frame/G6_NN_M/actual_generation/case_metadata.json,2401,84366dbca1c32531a60404dfdb8a59e56fde6b9bf2139a488d423ac5636d8a86
results_reference/scheduling/manual_first_frame/G6_NN_M/actual_generation/key_events.json,3837,38a9b46345f4ed3b0b166e1f8f17b0ee466e97c901ee7eb37b2bfe0e96a2c2ce
results_reference/scheduling/manual_first_frame/G6_NN_M/actual_generation/mix_rover_positions.meta.csv,154,239852f4e4968b7c2db17d2c52c533960dfa1f5a83c4d5e7d2ff297da46b7167
results_reference/scheduling/manual_first_frame/G6_NN_M/actual_generation/mix_rover_positions.positions.csv,1899570,4729779026ad535f4293f80e92ce0c8de65eb57a13b58280493513f9b3021131
results_reference/scheduling/manual_first_frame/G6_NN_M/actual_generation/mode_transitions.csv,1008,eb986bee8897844164b7bfd876021c7d1d8cd1215fe3c522dcdbc5071edbbf1b
results_reference/scheduling/manual_first_frame/G6_NN_M/actual_generation/station_history.csv,1970619,6910c9a6fd6f73a93b12f0ef290625b37a625a1730f2aa3560675fb90265974e
results_reference/scheduling/manual_first_frame/G6_NN_M/actual_generation/transport_mission_history.csv,663659,8432d1566578d1381db69c81c380f4c2212b0dfb5bd7b23d457d680616936698
results_reference/scheduling/manual_first_frame/G6_NN_M/actual_generation/vehicle_output_power_history.csv,2570768,397bb100fa900dcb331f0ecf5185f6a639eb93d63e16c05e52b4fc29142bed40
results_reference/scheduling/manual_first_frame/G6_NN_M/actual_generation/vehicle_soc_history.csv,1766804,90620c86acca7879a33931b9ed8a1ab9c4eddbd52daf25ea472988722e352723
results_reference/scheduling/manual_first_frame/G6_NN_M/actual_generation/vehicle_state_history.csv,2768018,e318610fc802471356363b7fb8ba989d15e54ddfcd12101c5ac88932d64ed1d5
results_reference/scheduling/manual_first_frame/G6_NN_M/comparison_summary.json,4159,773440df946e64a2984e84a48a778ecc79afea6cbd2a0e72a21680d571565841
results_reference/scheduling/manual_first_frame/G6_NN_M/predicted_generation/case_metadata.json,2422,445fcc9d63387702533cdcec3b81b7bb8ae027e9ece06d5a8233c39d860ea230
results_reference/scheduling/manual_first_frame/G6_NN_M/predicted_generation/key_events.json,3459,06d20c6ba65bf272b28b0ed87d940a2000440468d6e12d08034ee4ad9b2475df
results_reference/scheduling/manual_first_frame/G6_NN_M/predicted_generation/mix_rover_positions.meta.csv,154,239852f4e4968b7c2db17d2c52c533960dfa1f5a83c4d5e7d2ff297da46b7167
results_reference/scheduling/manual_first_frame/G6_NN_M/predicted_generation/mix_rover_positions.positions.csv,1884106,ce0f1835649ca99b93cbfac71939c4c56061afd82d2d1ef663fafc6162ad0c30
results_reference/scheduling/manual_first_frame/G6_NN_M/predicted_generation/mode_transitions.csv,865,8a478c83eb84291338c86ee37958ed8a3239c393fbc3b6e78731c28de497cd78
results_reference/scheduling/manual_first_frame/G6_NN_M/predicted_generation/station_history.csv,1969091,1a7ee83a129e28eff12fa0706d1647090fc91e3b867d1adb6f6b5692c1a06457
results_reference/scheduling/manual_first_frame/G6_NN_M/predicted_generation/transport_mission_history.csv,663659,96549c7379cec4d81020c2878217b28f6ca40fcbd22c0eb747717980bbf22d49
results_reference/scheduling/manual_first_frame/G6_NN_M/predicted_generation/vehicle_output_power_history.csv,2509442,05dd057fe920915659ebdeb97e51a1a2cd8a17a953099c5f8459514f80166344
results_reference/scheduling/manual_first_frame/G6_NN_M/predicted_generation/vehicle_soc_history.csv,1762775,a2f47e42062cb8f1c9eb1f6347a624e20eaec05dd09af8d78d78285e09280734
results_reference/scheduling/manual_first_frame/G6_NN_M/predicted_generation/vehicle_state_history.csv,2749651,1d11df557be5956f244c6bab019aa7635beef6ccbcda0ee2b14cea86b8f720f0
results_reference/scheduling/manual_first_frame/G7_NN_L/actual_generation/case_metadata.json,2397,27cf6510ece2e859a1e9ecb7992766a96b7961f9be1a85eb54699a4a8e31755f
results_reference/scheduling/manual_first_frame/G7_NN_L/actual_generation/key_events.json,4105,51abd72c9d23afe2646bf2307b6732509e1565ad4cc1e4343cad3d8a120494fd
results_reference/scheduling/manual_first_frame/G7_NN_L/actual_generation/mix_rover_positions.meta.csv,154,239852f4e4968b7c2db17d2c52c533960dfa1f5a83c4d5e7d2ff297da46b7167
results_reference/scheduling/manual_first_frame/G7_NN_L/actual_generation/mix_rover_positions.positions.csv,2115467,302ac8a05e09016b4e93a32b7b98f7c9b09b6f5ce2244d5dcc48c7568c7b06dd
results_reference/scheduling/manual_first_frame/G7_NN_L/actual_generation/mode_transitions.csv,1148,be2c563a05326a345b87f7528127b31fe7274147ba3a0293107683a5d4bea8c5
results_reference/scheduling/manual_first_frame/G7_NN_L/actual_generation/station_history.csv,1987196,2ab7bc9f47e977b277c605b902c38e00a0dbb8a9247678a1b6af27a7593a39a4
results_reference/scheduling/manual_first_frame/G7_NN_L/actual_generation/transport_mission_history.csv,663659,d76a888e4a8cb005362bd51c44352e16d7c29489054a5bd15d70fa088375e085
results_reference/scheduling/manual_first_frame/G7_NN_L/actual_generation/vehicle_output_power_history.csv,2040136,59a2fa6253cb49887e5ae446bc10a00d7391002ca63935813ae9e25912c005db
results_reference/scheduling/manual_first_frame/G7_NN_L/actual_generation/vehicle_soc_history.csv,1549297,45719211b63c1b2531acdc6844c6c4218fb9055182e2744a5e1b7ec660d45a15
results_reference/scheduling/manual_first_frame/G7_NN_L/actual_generation/vehicle_state_history.csv,3102495,581c36d6d1b00eb7a694d77aa5b5145c28c2e6fdc656dbe1a36e67a239271a64
results_reference/scheduling/manual_first_frame/G7_NN_L/comparison_summary.json,4132,7b8a26eb33486a51b8e8695761c11ea9a48b7d55fe569b6f858f7a12763a400f
results_reference/scheduling/manual_first_frame/G7_NN_L/predicted_generation/case_metadata.json,2418,5d3dbb8a25fa0664bc1797533155f6264aaefa33748bd3ee0b2df8a71ccc48f4
results_reference/scheduling/manual_first_frame/G7_NN_L/predicted_generation/key_events.json,4087,eae46426d00b476b2487df242bec4096e8a03f78f2e7287e15e33bb924a18b8e
results_reference/scheduling/manual_first_frame/G7_NN_L/predicted_generation/mix_rover_positions.meta.csv,154,239852f4e4968b7c2db17d2c52c533960dfa1f5a83c4d5e7d2ff297da46b7167
results_reference/scheduling/manual_first_frame/G7_NN_L/predicted_generation/mix_rover_positions.positions.csv,2115016,90134ac07e970210487dbe4b0b72b3bd2ac50f58a2d6cf22bafa317768811d22
results_reference/scheduling/manual_first_frame/G7_NN_L/predicted_generation/mode_transitions.csv,1122,18c86136cc0f0e9eb14596ff11758331a2841e1be0ae71b640aace17078bb897
results_reference/scheduling/manual_first_frame/G7_NN_L/predicted_generation/station_history.csv,1987628,681b493adc4241530156829cc6b487e7efd33026aea01cb4da394b0b036f666f
results_reference/scheduling/manual_first_frame/G7_NN_L/predicted_generation/transport_mission_history.csv,663659,d76a888e4a8cb005362bd51c44352e16d7c29489054a5bd15d70fa088375e085
results_reference/scheduling/manual_first_frame/G7_NN_L/predicted_generation/vehicle_output_power_history.csv,2049656,bd27ba1bfd84fe6d95f06915ac20b03dc67ff0925a0f74c43529e995941f727d
results_reference/scheduling/manual_first_frame/G7_NN_L/predicted_generation/vehicle_soc_history.csv,1558494,c4fb27d929dae41027421dd39fde7e2d7edfd6c2505988fd03cbb2701a49eeab
results_reference/scheduling/manual_first_frame/G7_NN_L/predicted_generation/vehicle_state_history.csv,3100335,501397f9aaf365bc4def6bab87ef75209e9b346db9b96f9161eeb89b8cd6f934
results_reference/scheduling/manual_first_frame/G8_NN_X/actual_generation/case_metadata.json,2403,9179e80aff277d250ba4b65144c5336ff99eec0770b72cccc281ec0abe94e53b
results_reference/scheduling/manual_first_frame/G8_NN_X/actual_generation/key_events.json,3472,dd464abec51b5be331cda23eed32567e84d2d9deae1d3381120eeaa97a1ed2c3
results_reference/scheduling/manual_first_frame/G8_NN_X/actual_generation/mix_rover_positions.meta.csv,154,239852f4e4968b7c2db17d2c52c533960dfa1f5a83c4d5e7d2ff297da46b7167
results_reference/scheduling/manual_first_frame/G8_NN_X/actual_generation/mix_rover_positions.positions.csv,2132023,2cad093fa95aa4af26608437029a86f1efc87fc5e55383fdb7676866ac21a603
results_reference/scheduling/manual_first_frame/G8_NN_X/actual_generation/mode_transitions.csv,1015,12bfaf6f2e548db4718ed34a10fdb1b43dc21e5f6e3686acb8fc1fda2058822e
results_reference/scheduling/manual_first_frame/G8_NN_X/actual_generation/station_history.csv,1975634,f28f7bc3b4ee0472dd00256830c999cba9e2e5336fc2d70417c2bc344d87552e
results_reference/scheduling/manual_first_frame/G8_NN_X/actual_generation/transport_mission_history.csv,663659,49b0092961e632ef80a183978550a1c90b86a18a7203a1c1f61f47751e18cdc5
results_reference/scheduling/manual_first_frame/G8_NN_X/actual_generation/vehicle_output_power_history.csv,2583825,15f333c8967d6e2898b42697d47b13037f1ffa87ff597e26b9ebbdba3692bf2f
results_reference/scheduling/manual_first_frame/G8_NN_X/actual_generation/vehicle_soc_history.csv,1622443,6b4720a005f57dddbe9c814e1aab1bb307da8412bc72507364c74a08f55f492e
results_reference/scheduling/manual_first_frame/G8_NN_X/actual_generation/vehicle_state_history.csv,2999996,bc01177358ba2e9f082aad6898c8736ae5d0c47987417fdfa29bebedb57845a8
results_reference/scheduling/manual_first_frame/G8_NN_X/comparison_summary.json,4158,9660d73ec1699bd39c96d0dc6d2373dbe28ac1aab140fb8f0d497e8e153c0b9b
results_reference/scheduling/manual_first_frame/G8_NN_X/predicted_generation/case_metadata.json,2418,ec9f07622b07673a04ade86c0ca021cb981528c3f95c1a51401c6fd66d210c6f
results_reference/scheduling/manual_first_frame/G8_NN_X/predicted_generation/key_events.json,3427,4e6ef983a956af07adde2b7ef7d17a54dd7ec436c139557f02e0b62c965d276a
results_reference/scheduling/manual_first_frame/G8_NN_X/predicted_generation/mix_rover_positions.meta.csv,154,239852f4e4968b7c2db17d2c52c533960dfa1f5a83c4d5e7d2ff297da46b7167
results_reference/scheduling/manual_first_frame/G8_NN_X/predicted_generation/mix_rover_positions.positions.csv,2135991,868440ce497267681d38fde8e179d3b77fce2c1908f0935860f5e741f8459761
results_reference/scheduling/manual_first_frame/G8_NN_X/predicted_generation/mode_transitions.csv,955,349a3c7ea1d55316255e3d4fb488a4cb6afc11a0c7856e06c564ed509e7f36f8
results_reference/scheduling/manual_first_frame/G8_NN_X/predicted_generation/station_history.csv,1975681,818ab44b33a72bc4ffe991d3ecba17c8c6630e39b163cb7b19c9209be8899562
results_reference/scheduling/manual_first_frame/G8_NN_X/predicted_generation/transport_mission_history.csv,663659,49b0092961e632ef80a183978550a1c90b86a18a7203a1c1f61f47751e18cdc5
results_reference/scheduling/manual_first_frame/G8_NN_X/predicted_generation/vehicle_output_power_history.csv,2506061,ade2496a0ae39ac4e5ff48714272a6947d2ea615f379a949428933427b25b98f
results_reference/scheduling/manual_first_frame/G8_NN_X/predicted_generation/vehicle_soc_history.csv,1623011,7d5edadc4e092409e2a242f3520f02572a2214ffbf918e08338d6cd6cdfcafe3
results_reference/scheduling/manual_first_frame/G8_NN_X/predicted_generation/vehicle_state_history.csv,3005886,8be571034a9da79d487cc1186fd25051cbc5b765704444948c081a675844bba5
results_reference/scheduling/manual_first_frame/G9_PM_H/actual_generation/case_metadata.json,2388,f6ac31568d26fb5201f1aa8b2f0891dd547ec222e3eb9bfd20f15519da5c810e
results_reference/scheduling/manual_first_frame/G9_PM_H/actual_generation/key_events.json,2362,6d4edadd1eae3cdba34a6fb2d67f8f80b5938d926688c306064780a4ab165ec0
results_reference/scheduling/manual_first_frame/G9_PM_H/actual_generation/mix_rover_positions.meta.csv,154,239852f4e4968b7c2db17d2c52c533960dfa1f5a83c4d5e7d2ff297da46b7167
results_reference/scheduling/manual_first_frame/G9_PM_H/actual_generation/mix_rover_positions.positions.csv,1888170,660730a840554645aacae18c6332f5b6d87f16d36675c82b8e15b9b3abd7c773
results_reference/scheduling/manual_first_frame/G9_PM_H/actual_generation/mode_transitions.csv,517,8f89dd7959b8af02d499a64afb601d8140d50d42163e49e823c82771561fef44
results_reference/scheduling/manual_first_frame/G9_PM_H/actual_generation/station_history.csv,1956393,2e8cd0ae219c8dde184ef73e208488ae8b9301943c918bd0d785dd32eed41c52
results_reference/scheduling/manual_first_frame/G9_PM_H/actual_generation/transport_mission_history.csv,663659,d34f3710abe8009c8a75e9ae98e614858a55aa6665c25ae58d2a5f7f6b90210f
results_reference/scheduling/manual_first_frame/G9_PM_H/actual_generation/vehicle_output_power_history.csv,3116910,377d90a0ce5389fdbcb671ef3e38ca174b123c1c849b04bf6f9895e6c641fa21
results_reference/scheduling/manual_first_frame/G9_PM_H/actual_generation/vehicle_soc_history.csv,1741761,6b9ee5664618a5b2198cf0576093f17e05bb10f82669d3b7dd1a370b52d73fb6
results_reference/scheduling/manual_first_frame/G9_PM_H/actual_generation/vehicle_state_history.csv,2681529,6308d714d61705c4a8edf7a61af7b0ee6ac93206d57e842303824336e3856b74
results_reference/scheduling/manual_first_frame/G9_PM_H/comparison_summary.json,4080,9c38c793ee48e391b47377155d266955c7a224c39c44ead8183d7d55ac2958fa
results_reference/scheduling/manual_first_frame/G9_PM_H/predicted_generation/case_metadata.json,2415,bd3b5dd43f41c3b90d02e1f8d60af078dcd58a8fe20931b381b2bb40bbec24bd
results_reference/scheduling/manual_first_frame/G9_PM_H/predicted_generation/key_events.json,2369,fdd393b35394cbf8ca94f37995af3e910491ba7bc27b193d3885b76033c86f9d
results_reference/scheduling/manual_first_frame/G9_PM_H/predicted_generation/mix_rover_positions.meta.csv,154,239852f4e4968b7c2db17d2c52c533960dfa1f5a83c4d5e7d2ff297da46b7167
results_reference/scheduling/manual_first_frame/G9_PM_H/predicted_generation/mix_rover_positions.positions.csv,1888170,660730a840554645aacae18c6332f5b6d87f16d36675c82b8e15b9b3abd7c773
results_reference/scheduling/manual_first_frame/G9_PM_H/predicted_generation/mode_transitions.csv,517,8f89dd7959b8af02d499a64afb601d8140d50d42163e49e823c82771561fef44
results_reference/scheduling/manual_first_frame/G9_PM_H/predicted_generation/station_history.csv,1957196,40f222ec87cf010987f8c380fc1ed1863644e0d067b4e2b72dd2d6f2893bab98
results_reference/scheduling/manual_first_frame/G9_PM_H/predicted_generation/transport_mission_history.csv,663659,d34f3710abe8009c8a75e9ae98e614858a55aa6665c25ae58d2a5f7f6b90210f
results_reference/scheduling/manual_first_frame/G9_PM_H/predicted_generation/vehicle_output_power_history.csv,3047696,e33f240723dcff3292740c60438522b02a9b2df694dc9cf78dd423285b019396
results_reference/scheduling/manual_first_frame/G9_PM_H/predicted_generation/vehicle_soc_history.csv,1745727,ab9698a4f6ea8ff6b5c6a18fbb9baf76ba4bb999bccb04dd82b59d4dfc9371b2
results_reference/scheduling/manual_first_frame/G9_PM_H/predicted_generation/vehicle_state_history.csv,2681529,6308d714d61705c4a8edf7a61af7b0ee6ac93206d57e842303824336e3856b74
results_reference/scheduling/manual_first_frame/run_manifest.json,7058,7f716258b50ea61e82829c9f57deab37bfe8e5ab8b3bbb906129ce87d97abcb6
results_reference/scheduling/manual_first_frame/validation_matrix_results.csv,2806,2b6eb8345d3444c57ae948ff42bdfeb25c8e6b13e937cffbf7ccc740c32bd30f
results_reference/scheduling/manual_first_frame/validation_matrix_results.json,64027,bf84b1e395aad96cdbaf210e9e73578b904fa3d4f97ec0758a6b10ffbfb36106
scripts/check_protocol.py,6565,26e9c1a2ff4596500487436161e6ce26d80e7481f4a49b3edbaecb5516cb2331
scripts/check_release.py,6267,dc1ea1821fa97f7a1c18f74ccb6d9484e1c11f99415d8ffee84a4433dffe36af
scripts/predict_reviewed.py,3744,a64c136851e10bef8ef778d818d8e912ff722d79097034ec73e19e11e07c95a6
scripts/reproduce.py,5941,dc1cccac8cd294c0249c76e988576febf09781058fefe07184810fc2d7b6fa37
scripts/verify_manifest.py,1037,2381a8c41e275d6d009981c9a0a7a9ed1ff167127d58137211f800edc5cc2639
