time_s,mor1,mor2,mor3,mor4,mor5,mor6,mor7,mor8,mor9,mor10,mor11,mor12,noon1,noon2,noon3,noon4,noon5,noon6,noon7,noon8,noon9,noon10,noon11,noon12,eve1,eve2,eve3,eve4,eve5,eve6,eve7,eve8,eve9,eve10,eve11,eve12,normal
0,275.99,51.21,0.0,176.56,72.44,30.58,184.8,72.62,43.04,250.56,71.6,42.07,198.66,275.64,401.98,249.93,277.68,342.22,279.02,238.59,398.77,292.83,276.73,336.64,0.0,534.28,25.53,70.71,454.06,96.97,65.98,387.74,77.26,57.55,384.13,73.37,212.91
5,275.99,51.21,0.0,176.56,72.44,30.58,184.8,72.62,43.04,250.56,71.6,42.07,198.66,275.64,401.98,249.93,277.68,342.22,279.02,238.59,398.77,292.83,276.73,336.64,0.0,534.28,25.53,70.71,454.06,96.97,65.98,387.74,77.26,57.55,384.13,73.37,212.91
10,391.52,128.02,0.0,241.7,147.54,52.66,304.15,160.3,59.82,340.07,122.92,64.47,307.6,391.03,459.86,372.58,428.53,441.86,356.25,311.02,458.29,435.34,401.56,393.42,0.0,547.64,82.98,85.1,474.15,145.17,67.92,405.92,128.89,69.91,428.34,117.21,238.71
15,468.53,204.84,0.0,330.03,217.77,68.68,371.44,225.57,74.23,387.45,193.39,83.36,410.13,467.95,479.15,467.14,489.38,521.52,429.29,357.11,452.46,522.48,491.05,451.61,0.0,480.85,178.73,84.39,411.59,236.81,63.5,383.88,180.81,74.45,403.72,176.1,232.26
20,430.03,243.25,0.0,332.74,234.66,71.22,332.24,248.1,86.01,354.5,216.68,84.05,429.36,429.49,434.13,445.64,470.08,465.92,485.36,319.26,402.96,460.16,454.16,421.83,12.76,400.71,264.91,87.26,351.06,332.57,75.8,327.93,246.58,81.87,326.04,230.08,200.0
25,295.24,211.24,0.0,209.94,191.66,54.61,226.9,210.27,61.16,260.97,165.59,67.2,352.46,294.87,324.8,379.15,335.48,362.49,394.5,259.8,310.77,377.27,273.2,320.6,57.41,327.25,293.63,128.91,301.74,348.77,115.3,270.51,255.47,111.42,279.69,244.53,180.65
30,141.2,160.03,0.0,108.11,131.54,30.25,122.19,134.99,33.66,129.28,134.19,39.39,217.88,141.03,225.11,224.71,189.29,240.96,239.34,151.01,219.31,246.48,145.31,210.3,159.47,307.21,236.18,204.79,287.74,268.77,184.47,263.22,227.02,173.05,305.08,204.52,212.91
35,44.93,140.83,0.0,43.51,101.41,19.87,48.89,102.03,19.98,54.02,111.85,22.62,102.53,57.69,160.79,111.6,91.14,158.75,115.69,67.22,159.86,126.76,76.0,135.01,293.42,280.5,140.43,292.19,257.78,196.45,262.9,258.75,171.84,250.25,265.69,149.89,283.87
40,6.42,179.23,0.0,22.18,125.02,19.03,25.96,141.86,22.35,28.98,129.43,22.03,32.04,57.69,135.06,52.27,71.78,121.8,53.44,53.29,132.37,54.92,66.97,114.82,408.23,240.43,67.02,370.9,252.71,139.11,318.29,233.52,120.95,289.55,210.99,108.19,354.84
45,0.0,224.04,0.0,22.32,177.79,21.8,26.27,195.75,26.1,29.66,140.72,26.16,6.41,128.21,109.34,34.47,122.8,107.02,34.37,92.64,107.55,37.53,117.21,103.6,427.37,180.32,63.83,395.02,200.07,140.02,326.15,181.82,114.63,311.86,174.54,105.43,374.2
50,0.0,224.04,0.0,22.41,168.49,22.12,25.88,205.21,24.19,25.63,142.43,26.77,0.0,205.13,90.04,31.67,186.11,90.16,36.15,142.28,95.23,39.94,171.3,101.29,363.58,120.21,134.05,314.96,138.31,198.26,303.51,132.07,153.86,279.19,151.78,141.19,335.49
55,0.0,166.43,0.0,15.91,125.67,14.94,17.25,146.11,20.16,17.09,117.89,19.43,0.0,243.59,90.04,37.32,231.03,87.0,43.32,168.99,110.05,46.77,209.4,95.66,274.28,66.78,229.8,232.36,105.2,240.02,237.38,100.93,202.0,236.21,105.43,181.08,238.71
60,6.42,89.62,0.0,12.8,73.23,8.84,14.43,70.68,12.28,13.14,68.93,12.29,0.0,205.13,122.2,42.16,192.76,123.0,43.43,155.72,133.94,47.27,175.83,106.15,261.53,26.71,312.78,261.49,94.09,280.08,218.42,78.38,261.85,232.98,81.13,257.9,135.49
65,32.09,32.01,0.0,25.59,28.63,6.39,29.74,29.88,8.16,26.32,27.76,8.33,0.0,134.62,173.65,39.78,127.23,151.63,40.57,113.73,153.33,41.39,132.06,134.56,325.31,6.68,331.93,324.44,89.21,328.45,251.37,69.1,310.6,267.31,74.46,290.11,51.61
70,89.86,6.4,0.0,59.23,14.71,9.85,70.73,16.06,11.21,72.86,14.22,12.59,6.41,83.33,231.54,39.47,92.41,206.45,49.77,80.43,192.25,47.6,104.91,179.4,414.61,0.0,325.55,392.21,88.72,341.61,321.97,73.43,294.08,303.72,92.01,307.98,12.9
75,173.29,0.0,0.0,109.34,18.9,16.96,125.62,21.9,20.71,129.55,19.18,23.98,32.04,102.57,270.13,65.15,127.26,250.37,88.59,87.79,228.2,71.24,134.82,219.73,427.37,0.0,306.4,387.22,80.11,313.71,340.38,79.89,275.37,287.21,91.46,284.32,0.0
80,250.31,0.0,0.0,167.58,26.68,23.72,181.82,34.32,27.99,183.06,26.48,32.28,89.72,166.67,270.13,118.62,189.72,266.71,148.0,138.11,227.32,136.52,191.93,219.88,350.83,0.0,325.55,365.06,66.66,316.2,305.64,82.72,263.01,292.0,80.07,291.54,0.0
85,288.82,0.0,0.0,192.97,30.8,26.65,227.47,38.49,31.38,216.93,29.28,34.41,173.03,224.36,212.24,174.67,243.01,247.8,211.47,189.92,209.7,211.63,232.51,219.38,216.87,6.68,331.93,233.0,63.44,311.37,198.33,64.61,240.09,197.0,70.8,251.63,0.0
90,269.57,0.0,6.38,171.57,28.59,30.58,192.9,35.97,37.17,222.98,28.25,39.43,249.93,224.36,135.06,230.56,254.08,192.12,275.74,185.81,154.26,248.15,208.74,155.8,102.06,26.71,312.78,120.6,72.69,308.65,113.95,62.06,226.95,109.43,79.11,220.28,6.45
95,211.8,0.0,31.89,125.73,25.29,42.79,146.89,29.47,51.87,193.2,27.32,57.15,288.38,166.67,83.61,261.14,193.77,124.4,278.43,156.19,108.3,269.74,141.81,115.35,31.89,66.78,229.8,60.15,87.22,219.32,54.25,74.87,186.43,59.19,87.54,183.02,32.26
100,134.78,0.0,89.3,89.79,23.18,73.32,114.37,26.32,89.5,126.48,25.29,94.79,269.15,89.74,102.91,226.44,121.95,123.24,256.07,100.29,110.55,265.99,93.04,115.7,6.38,106.86,134.05,33.1,90.9,133.2,30.64,91.47,115.8,33.05,104.63,101.86,90.32
105,70.6,0.0,165.85,63.63,25.85,113.38,76.76,30.77,135.1,76.25,27.73,140.75,211.48,32.05,167.22,192.38,77.4,180.41,199.77,59.88,147.73,216.73,61.51,150.32,0.0,126.89,51.07,21.53,101.63,56.32,20.29,98.33,50.65,19.11,109.22,49.65,174.2
110,25.67,0.0,223.25,40.88,28.67,149.01,42.46,30.03,161.11,44.4,29.11,166.24,134.58,6.41,225.11,134.7,53.32,221.18,133.03,41.88,172.16,144.87,44.91,191.74,0.0,106.86,12.77,15.42,96.43,23.6,13.41,81.41,20.61,12.43,82.92,18.66,258.07
115,6.42,0.0,223.25,25.02,25.57,155.76,27.43,25.66,167.18,30.88,26.91,175.58,70.49,0.0,225.11,80.95,37.82,190.8,85.12,32.25,172.52,89.97,32.54,173.06,6.38,66.78,0.0,12.88,55.19,8.81,10.41,50.15,8.32,11.67,44.62,7.5,316.13
120,0.0,0.0,178.6,16.83,19.76,127.57,21.09,20.67,128.7,21.8,20.75,148.27,25.63,0.0,167.22,39.03,22.94,147.85,44.14,21.6,127.71,45.66,23.47,124.62,31.89,26.71,0.0,23.7,26.49,7.7,24.1,21.4,6.87,25.63,21.14,6.57,335.49
125,0.0,0.0,140.33,14.46,16.25,89.62,16.56,16.79,106.92,18.84,14.4,126.36,6.41,0.0,90.04,16.83,11.56,81.29,18.38,9.54,71.24,18.31,12.25,58.25,89.3,6.68,0.0,65.74,17.28,12.89,61.97,15.1,11.58,64.64,14.65,9.73,316.13
130,0.0,0.0,159.47,16.57,16.41,98.78,17.59,20.14,126.56,22.89,14.99,152.27,0.0,0.0,32.16,4.29,4.09,26.89,4.26,2.96,26.43,4.34,4.05,20.79,172.22,0.0,0.0,150.23,22.4,23.19,107.9,20.78,19.59,123.29,18.77,18.77,264.52
135,0.0,0.0,210.5,18.91,22.11,144.95,21.76,28.81,174.38,26.85,21.07,182.04,0.0,0.0,6.43,0.81,0.85,5.4,0.9,0.65,4.76,0.86,0.78,4.61,248.77,0.0,0.0,192.14,32.74,31.74,176.21,29.66,28.22,191.13,28.4,27.05,200.0
140,0.0,0.0,242.39,20.82,27.96,170.73,25.38,30.54,189.79,27.02,26.14,197.06,0.0,0.0,0.0,0.0,0.0,0.0,0.0,0.0,0.0,0.0,0.0,0.0,287.04,0.0,0.0,220.49,36.43,37.38,209.48,32.61,33.42,213.4,35.69,29.68,154.84
145,0.0,0.0,204.12,17.83,24.92,151.16,23.41,27.1,161.42,23.85,23.0,166.52,0.0,0.0,0.0,0.0,0.0,0.0,0.0,0.0,0.0,0.0,0.0,0.0,267.9,0.0,0.0,212.38,32.12,35.63,186.87,29.06,30.35,182.47,30.2,30.77,135.49
150,0.0,0.0,127.57,12.27,14.2,87.41,15.8,17.72,100.31,15.15,12.98,104.48,0.0,0.0,0.0,0.0,0.0,0.0,0.0,0.0,0.0,0.0,0.0,0.0,210.5,0.0,0.0,160.13,23.79,28.3,133.82,23.55,22.44,133.89,27.06,24.36,129.03
155,0.0,0.0,51.03,4.92,5.44,29.98,6.33,7.41,39.0,5.89,4.54,41.66,0.0,0.0,0.0,0.0,0.0,0.0,0.0,0.0,0.0,0.0,0.0,0.0,133.95,6.68,0.0,105.29,19.59,19.32,86.11,20.03,14.31,78.31,23.08,15.02,109.68
160,0.0,0.0,12.76,1.23,1.46,8.06,1.42,1.64,9.87,1.58,1.19,10.76,0.0,0.0,0.0,0.0,0.0,0.0,0.0,0.0,0.0,0.0,0.0,0.0,76.54,33.39,0.0,64.75,35.39,13.57,58.25,35.46,12.16,44.39,33.97,11.83,90.32
165,0.0,0.0,0.0,0.0,0.0,0.0,0.0,0.0,0.0,0.0,0.0,0.0,0.0,0.0,0.0,0.0,0.0,0.0,0.0,0.0,0.0,0.0,0.0,0.0,51.03,93.5,0.0,51.87,73.4,17.51,52.25,83.07,15.46,43.28,77.21,15.28,90.32
170,0.0,0.0,0.0,0.0,0.0,0.0,0.0,0.0,0.0,0.0,0.0,0.0,0.0,0.0,0.0,0.0,0.0,0.0,0.0,0.0,0.0,0.0,0.0,0.0,70.17,180.32,0.0,77.95,127.4,32.06,78.67,141.41,27.16,73.32,148.91,26.05,109.68
175,0.0,0.0,0.0,0.0,0.0,0.0,0.0,0.0,0.0,0.0,0.0,0.0,0.0,0.0,0.0,0.0,0.0,0.0,0.0,0.0,0.0,0.0,0.0,0.0,102.06,260.46,0.0,110.02,190.97,45.02,106.42,181.22,43.91,97.47,205.57,37.38,122.58
180,0.0,0.0,0.0,0.0,0.0,0.0,0.0,0.0,0.0,0.0,0.0,0.0,0.0,0.0,0.0,0.0,0.0,0.0,0.0,0.0,0.0,0.0,0.0,0.0,121.19,300.53,0.0,127.81,216.48,49.57,120.17,224.85,53.67,111.7,224.09,44.83,103.23
185,0.0,0.0,0.0,0.0,0.0,0.0,0.0,0.0,0.0,0.0,0.0,0.0,0.0,0.0,0.0,0.0,0.0,0.0,0.0,0.0,0.0,0.0,0.0,0.0,102.06,280.5,0.0,108.4,219.63,48.76,101.89,217.51,45.6,111.03,229.9,41.74,64.52
190,0.0,0.0,0.0,0.0,0.0,0.0,0.0,0.0,0.0,0.0,0.0,0.0,0.0,0.0,0.0,0.0,0.0,0.0,0.0,0.0,0.0,0.0,0.0,0.0,63.79,220.39,0.0,79.02,193.09,38.25,62.42,163.35,31.8,82.98,173.41,31.08,25.81
195,0.0,0.0,0.0,0.0,0.0,0.0,0.0,0.0,0.0,0.0,0.0,0.0,0.0,0.0,0.0,0.0,0.0,0.0,0.0,0.0,0.0,0.0,0.0,0.0,25.51,140.25,0.0,38.41,117.93,20.82,32.98,98.77,19.69,37.56,104.94,18.48,6.45
200,0.0,0.0,0.0,0.0,0.0,0.0,0.0,0.0,0.0,0.0,0.0,0.0,0.0,0.0,0.0,0.0,0.0,0.0,0.0,0.0,0.0,0.0,0.0,0.0,6.38,73.46,0.0,14.43,57.86,10.61,13.1,54.86,9.28,14.49,53.49,8.33,0.0
205,6.42,0.0,0.0,3.88,0.86,0.73,4.58,0.74,0.76,5.31,0.77,0.91,0.0,0.0,0.0,0.0,0.0,0.0,0.0,0.0,0.0,0.0,0.0,0.0,0.0,26.71,0.0,3.31,21.41,3.95,2.86,19.2,3.22,3.11,18.69,2.65,0.0
210,25.67,0.0,0.0,15.94,3.19,2.8,20.96,3.13,2.82,20.67,2.7,3.71,0.0,0.0,0.0,0.0,0.0,0.0,0.0,0.0,0.0,0.0,0.0,0.0,0.0,6.68,0.0,0.8,5.76,0.96,0.66,4.69,0.73,0.73,4.69,0.68,0.0
215,64.18,0.0,0.0,42.96,6.96,6.82,53.11,7.65,7.25,50.41,6.14,8.38,0.0,0.0,0.0,0.0,0.0,0.0,0.0,0.0,0.0,0.0,0.0,0.0,0.0,0.0,0.0,0.0,0.0,0.0,0.0,0.0,0.0,0.0,0.0,0.0,0.0
220,102.69,0.0,0.0,73.25,10.61,11.33,78.73,11.94,11.94,77.82,9.85,13.05,0.0,0.0,0.0,0.0,0.0,0.0,0.0,0.0,0.0,0.0,0.0,0.0,0.0,0.0,0.0,0.0,0.0,0.0,0.0,0.0,0.0,0.0,0.0,0.0,0.0
225,121.95,0.0,0.0,88.15,12.55,13.25,87.56,14.76,14.39,93.93,12.63,14.93,0.0,12.82,0.0,1.49,10.58,1.52,1.61,8.93,1.48,1.6,10.64,1.44,6.38,0.0,0.0,5.48,0.76,0.81,4.47,0.78,0.8,5.12,0.75,0.62,0.0
230,102.69,0.0,0.0,71.61,11.32,9.7,77.98,12.55,11.61,88.85,10.76,13.12,6.41,51.28,0.0,10.77,44.28,7.34,11.41,36.98,6.56,12.41,41.38,7.04,31.89,0.0,0.0,26.61,3.73,4.09,22.25,3.76,3.88,22.28,3.74,3.38,0.0
235,64.18,0.0,0.0,44.96,6.56,5.87,47.91,7.61,7.72,54.97,7.38,8.04,25.63,128.21,0.0,35.2,108.77,20.1,38.03,90.48,18.01,40.59,94.12,18.21,102.06,0.0,0.0,94.91,11.47,12.63,66.48,10.82,11.57,74.14,11.72,10.45,0.0
240,25.67,0.0,0.0,18.6,2.61,2.44,18.35,3.22,2.81,20.59,2.65,3.05,64.08,205.13,0.0,69.4,176.72,36.79,85.54,140.03,29.85,86.18,147.78,31.53,216.87,0.0,0.0,178.5,22.98,24.65,141.23,22.51,23.86,161.44,24.74,21.7,0.0
245,6.42,6.4,0.0,5.07,5.03,1.28,5.2,6.23,1.52,5.41,4.98,1.64,102.53,243.59,0.0,104.31,232.2,45.55,140.0,183.95,42.33,121.9,190.3,40.91,350.83,0.0,0.0,267.56,40.49,41.33,242.24,37.0,37.43,254.88,41.44,37.07,0.0
250,0.0,38.41,0.0,3.72,29.54,4.2,4.47,31.7,4.39,4.83,29.22,4.9,121.76,205.13,0.0,117.53,203.83,42.72,145.32,156.74,41.98,125.57,177.78,36.78,427.37,0.0,0.0,344.36,49.39,54.58,283.64,45.01,45.49,325.62,49.5,48.81,0.0
255,0.0,115.22,0.0,10.35,82.8,12.89,13.69,94.39,13.3,14.97,79.47,15.46,102.53,128.21,0.0,106.64,119.97,32.13,102.76,88.23,26.57,100.93,103.37,26.01,408.23,0.0,0.0,337.15,50.09,50.53,281.23,44.9,46.75,326.95,47.21,44.8,0.0
260,0.0,230.44,0.0,19.42,168.19,23.73,25.5,186.3,28.45,26.55,152.69,29.81,64.08,51.28,0.0,56.44,45.2,16.25,56.14,38.0,12.24,60.2,43.8,13.09,293.42,0.0,0.0,238.0,36.07,37.25,197.91,35.05,35.08,217.91,33.39,31.54,0.0
265,0.0,326.46,0.0,30.56,246.25,35.97,36.76,255.32,43.0,40.02,232.37,41.93,25.63,12.82,0.0,20.72,12.84,5.01,20.44,11.34,3.81,24.96,13.11,4.58,159.47,0.0,0.0,127.62,19.19,22.68,113.52,18.3,20.02,115.53,18.19,15.67,0.0
270,0.0,345.67,0.0,35.82,263.17,38.46,40.65,262.54,46.65,43.41,242.81,45.66,6.41,0.0,0.0,5.16,0.78,0.81,4.87,0.68,0.71,5.79,0.78,0.75,57.41,0.0,0.0,48.68,6.6,7.93,44.16,6.39,6.68,40.86,6.57,5.66,0.0
275,0.0,268.85,0.0,26.88,189.79,28.12,31.05,199.2,33.87,30.73,184.68,32.88,0.0,0.0,0.0,0.0,0.0,0.0,0.0,0.0,0.0,0.0,0.0,0.0,12.76,0.0,0.0,10.57,1.36,1.73,9.43,1.44,1.26,8.05,1.5,1.25,0.0
280,0.0,153.63,0.0,14.39,105.14,16.09,16.22,109.65,18.36,17.12,106.21,18.89,0.0,0.0,0.0,0.0,0.0,0.0,0.0,0.0,0.0,0.0,0.0,0.0,0.0,0.0,0.0,0.0,0.0,0.0,0.0,0.0,0.0,0.0,0.0,0.0,0.0
285,0.0,57.61,0.0,5.16,37.24,6.37,6.35,45.15,6.93,7.1,40.39,7.03,0.0,0.0,0.0,0.0,0.0,0.0,0.0,0.0,0.0,0.0,0.0,0.0,0.0,0.0,0.0,0.0,0.0,0.0,0.0,0.0,0.0,0.0,0.0,0.0,0.0
290,0.0,12.8,0.0,1.23,8.37,1.32,1.57,10.92,1.38,1.68,8.5,1.46,0.0,0.0,0.0,0.0,0.0,0.0,0.0,0.0,0.0,0.0,0.0,0.0,0.0,0.0,0.0,0.0,0.0,0.0,0.0,0.0,0.0,0.0,0.0,0.0,0.0
295,0.0,0.0,0.0,0.0,0.0,0.0,0.0,0.0,0.0,0.0,0.0,0.0,0.0,0.0,0.0,0.0,0.0,0.0,0.0,0.0,0.0,0.0,0.0,0.0,0.0,0.0,0.0,0.0,0.0,0.0,0.0,0.0,0.0,0.0,0.0,0.0,0.0
300,0.0,0.0,0.0,0.0,0.0,0.0,0.0,0.0,0.0,0.0,0.0,0.0,0.0,0.0,0.0,0.0,0.0,0.0,0.0,0.0,0.0,0.0,0.0,0.0,0.0,0.0,0.0,0.0,0.0,0.0,0.0,0.0,0.0,0.0,0.0,0.0,0.0
305,262.19,48.65,0.0,199.65,62.24,29.7,194.39,55.43,37.18,193.92,70.19,31.44,188.73,261.86,381.88,216.43,285.77,374.39,225.32,237.04,318.29,238.56,278.39,293.12,0.0,507.56,24.26,56.85,358.99,88.2,56.52,376.96,80.75,57.63,375.58,77.89,202.26
310,371.94,121.62,0.0,230.19,133.55,50.47,316.19,119.57,56.27,281.88,153.11,57.14,292.22,371.48,436.87,284.41,442.72,462.34,311.55,341.3,333.77,338.32,368.48,364.11,0.0,520.25,78.83,67.37,406.32,128.46,61.09,387.32,117.27,66.93,410.24,115.98,226.78
315,445.11,194.6,0.0,254.26,183.27,72.31,371.61,186.85,66.5,356.13,216.37,73.78,389.63,444.56,455.2,324.42,521.38,548.49,386.91,451.09,364.61,456.5,472.29,381.66,0.0,456.81,169.8,71.04,357.18,186.69,67.23,367.75,188.99,70.68,367.47,156.23,220.65
320,408.52,231.08,0.0,282.45,204.35,69.93,334.61,202.47,71.33,369.37,238.49,76.61,407.89,408.02,412.43,356.49,453.79,474.73,404.88,381.31,338.99,476.87,461.09,402.91,12.12,380.67,251.66,84.17,301.35,241.13,88.01,313.8,279.94,78.07,327.32,181.87,190.0
325,280.48,200.68,0.0,206.09,181.5,51.72,252.79,159.11,56.66,272.02,199.04,63.39,334.84,280.13,308.56,270.87,321.15,368.08,322.14,219.23,251.41,367.54,340.69,275.93,54.54,310.88,278.95,117.96,273.5,276.52,108.79,307.29,255.72,112.17,321.43,196.81,171.61
330,134.14,152.03,0.0,104.1,119.88,29.9,132.44,113.02,34.03,137.37,154.84,35.82,206.99,133.98,213.85,176.16,173.29,244.25,195.22,122.03,169.72,223.47,185.03,172.27,151.49,291.85,224.37,186.23,285.36,253.73,168.31,283.08,203.06,187.3,300.97,206.38,202.26
335,42.68,133.79,0.0,41.44,96.02,18.06,49.03,100.72,19.47,48.89,129.56,20.38,97.41,54.81,152.75,92.16,82.14,151.9,94.49,63.92,110.4,111.43,85.17,128.79,278.75,266.47,133.41,242.84,241.53,181.79,253.45,276.31,162.57,269.44,272.42,155.86,269.68
340,6.1,170.27,0.0,18.67,116.73,18.05,24.16,134.43,17.85,24.4,139.77,19.43,30.44,54.81,128.31,37.37,62.54,118.27,43.8,59.03,88.22,48.18,78.28,110.76,387.82,228.4,63.67,311.06,189.03,117.09,274.01,246.74,119.1,314.68,253.89,109.64,337.1
345,0.0,212.84,0.0,19.68,141.7,22.07,22.72,160.88,20.01,24.48,176.61,24.29,6.09,121.8,103.87,24.12,111.61,92.71,29.1,106.44,85.35,33.98,128.46,87.93,406.0,171.3,60.64,338.14,171.35,103.69,310.74,193.55,114.31,296.65,198.25,98.98,355.49
350,0.0,212.84,0.0,21.0,151.65,23.86,25.16,157.05,20.76,23.67,176.31,25.26,0.0,194.87,85.54,27.1,193.15,89.32,28.19,156.03,81.48,34.83,168.58,75.04,345.4,114.2,127.35,332.25,141.11,135.64,285.06,155.27,158.17,266.37,148.91,135.59,318.71
355,0.0,158.11,0.0,16.93,113.85,19.23,18.3,114.81,16.98,18.4,130.12,19.43,0.0,231.41,85.54,31.85,224.97,99.44,32.49,158.07,77.72,40.13,202.72,83.79,260.57,63.45,218.31,248.49,115.5,225.87,228.96,104.26,223.63,223.8,107.91,184.89,226.78
360,6.1,85.14,0.0,13.07,58.38,10.71,14.2,66.62,10.82,14.39,72.5,11.36,0.0,194.87,116.09,32.29,180.39,131.16,35.16,135.99,93.06,39.46,169.89,112.15,248.45,25.38,297.14,227.39,87.64,311.09,230.21,82.41,262.16,222.89,89.27,214.78,128.71
365,30.49,30.41,0.0,22.45,23.88,6.66,24.94,28.79,7.26,25.12,32.04,7.22,0.0,127.89,164.97,29.77,134.22,172.54,33.15,105.9,127.79,36.69,114.42,132.33,309.05,6.34,315.34,239.06,77.58,334.97,285.13,79.42,285.95,262.23,82.06,213.1,49.03
370,85.36,6.08,0.0,54.41,12.41,11.0,65.27,14.76,10.24,67.86,16.86,11.02,6.09,79.17,219.96,36.29,96.83,194.8,41.58,79.08,161.74,44.39,91.17,168.77,393.88,0.0,309.27,314.11,90.34,333.07,332.56,86.36,314.36,292.78,88.29,228.84,12.26
375,164.63,0.0,0.0,108.64,16.32,19.83,133.45,18.45,18.08,141.94,21.1,20.48,30.44,97.44,256.62,59.55,119.1,211.81,70.32,107.9,177.44,75.3,124.5,190.97,406.0,0.0,291.08,326.43,89.01,294.67,387.08,80.9,267.66,324.37,74.55,223.18,0.0
380,237.8,0.0,0.0,144.63,24.67,26.5,195.35,23.85,27.48,201.51,30.45,30.65,85.23,158.33,256.62,103.45,177.31,223.31,119.8,154.88,188.0,119.46,193.02,185.67,333.29,0.0,309.27,273.77,77.92,308.53,328.79,80.86,285.69,276.16,69.55,229.22,0.0
385,274.38,0.0,0.0,170.73,30.56,28.64,194.89,27.18,31.45,221.57,34.2,34.96,164.37,213.14,201.63,144.04,230.83,223.77,178.03,192.27,159.72,189.37,228.09,161.84,206.03,6.34,315.34,193.07,66.82,318.07,206.02,76.72,282.06,205.95,75.99,207.9,0.0
390,256.09,0.0,6.06,165.27,29.23,32.92,187.21,28.52,31.22,214.43,30.0,38.11,237.43,213.14,128.31,197.75,232.82,154.87,212.1,203.3,136.24,253.91,237.79,131.83,96.96,25.38,297.14,113.81,63.76,264.65,109.89,67.69,243.69,124.83,79.55,203.66,6.13
395,201.21,0.0,30.3,128.13,24.82,47.57,157.37,25.82,43.65,175.23,28.19,51.98,273.96,158.33,79.43,211.92,185.08,107.63,243.67,160.86,105.84,257.69,184.49,102.11,30.3,63.45,218.31,57.56,82.1,196.61,49.49,73.88,180.69,57.45,85.24,161.78,30.65
400,128.04,0.0,84.84,90.4,21.38,82.53,112.25,22.85,77.82,117.13,27.35,89.44,255.69,85.26,97.76,184.29,117.93,120.55,241.37,106.8,96.78,241.58,123.4,113.97,6.06,101.51,127.35,33.96,97.95,118.46,30.7,87.44,105.73,32.6,105.68,94.12,85.81
405,67.07,0.0,157.55,57.89,24.49,129.24,66.76,22.7,126.19,78.0,27.47,128.16,200.9,30.45,158.86,155.94,67.51,154.26,182.28,62.13,117.51,179.6,70.23,135.93,0.0,120.55,48.51,21.06,96.4,53.58,20.89,97.61,50.43,21.13,99.79,42.09,165.49
410,24.39,0.0,212.09,33.54,25.92,150.99,42.44,24.13,161.06,47.33,28.24,164.68,127.85,6.09,213.85,117.12,47.41,187.84,105.68,41.4,163.77,126.71,44.87,167.25,0.0,101.51,12.13,12.39,78.23,23.25,13.83,74.81,21.57,13.22,79.85,16.77,245.16
415,6.1,0.0,212.09,23.44,23.27,149.81,27.7,22.11,155.22,35.55,25.37,160.88,66.97,0.0,213.85,66.49,34.85,197.57,72.77,28.18,170.31,81.86,35.93,179.31,6.06,63.45,0.0,10.63,45.48,9.42,11.57,47.02,8.02,11.74,53.27,6.77,300.33
420,0.0,0.0,169.67,16.36,17.57,113.6,20.56,16.84,124.14,24.11,22.01,129.81,24.35,0.0,158.86,31.44,23.11,148.64,40.52,19.14,115.17,37.19,25.6,126.94,30.3,25.38,0.0,25.37,22.59,7.47,22.84,20.99,7.23,29.03,26.13,5.59,318.71
425,0.0,0.0,133.31,12.24,13.17,91.1,17.83,13.31,97.42,15.57,17.07,101.18,6.09,0.0,85.54,11.91,13.44,72.81,16.0,10.59,56.1,16.08,11.35,62.47,84.84,6.34,0.0,68.76,15.64,11.4,66.49,12.56,11.62,64.35,15.57,8.63,300.33
430,0.0,0.0,151.49,14.84,14.77,103.39,19.0,14.16,100.17,16.73,19.22,110.76,0.0,0.0,30.55,3.15,4.37,27.61,3.41,3.79,18.85,4.16,3.81,21.54,163.61,0.0,0.0,133.56,19.75,19.43,130.0,18.82,20.12,110.82,20.08,16.14,251.29
435,0.0,0.0,199.97,21.33,21.05,139.98,21.09,18.79,126.13,23.02,25.94,159.4,0.0,0.0,6.11,0.63,0.84,5.65,0.62,0.67,3.85,0.77,0.81,4.15,236.33,0.0,0.0,181.18,27.12,27.13,175.9,30.42,27.49,176.89,26.78,23.82,190.0
440,0.0,0.0,230.27,23.81,25.48,161.3,24.72,25.27,149.14,29.1,30.8,186.11,0.0,0.0,0.0,0.0,0.0,0.0,0.0,0.0,0.0,0.0,0.0,0.0,272.69,0.0,0.0,201.6,30.4,34.05,201.38,32.55,34.35,224.61,30.22,27.97,147.1
445,0.0,0.0,193.91,20.27,20.74,139.01,23.69,21.55,128.34,22.88,23.41,162.21,0.0,0.0,0.0,0.0,0.0,0.0,0.0,0.0,0.0,0.0,0.0,0.0,254.51,0.0,0.0,192.01,26.76,33.04,192.38,29.94,30.71,223.41,31.43,28.79,128.71
450,0.0,0.0,121.19,12.58,12.91,80.33,16.06,13.23,86.66,14.94,14.04,104.71,0.0,0.0,0.0,0.0,0.0,0.0,0.0,0.0,0.0,0.0,0.0,0.0,199.97,0.0,0.0,145.03,21.59,26.39,148.69,23.58,24.02,165.68,25.76,20.7,122.58
455,0.0,0.0,48.48,5.16,5.11,31.09,6.32,5.47,34.84,6.23,6.03,41.2,0.0,0.0,0.0,0.0,0.0,0.0,0.0,0.0,0.0,0.0,0.0,0.0,127.25,6.34,0.0,84.69,18.26,18.87,94.74,19.12,15.67,97.07,23.12,13.3,104.19
460,0.0,0.0,12.12,1.16,1.32,8.45,1.48,1.3,8.46,1.48,1.38,10.38,0.0,0.0,0.0,0.0,0.0,0.0,0.0,0.0,0.0,0.0,0.0,0.0,72.72,31.72,0.0,53.63,30.59,13.63,58.31,33.83,12.8,53.78,36.82,10.68,85.81
465,0.0,0.0,0.0,0.0,0.0,0.0,0.0,0.0,0.0,0.0,0.0,0.0,0.0,0.0,0.0,0.0,0.0,0.0,0.0,0.0,0.0,0.0,0.0,0.0,48.48,88.82,0.0,41.87,73.22,16.78,47.05,72.21,15.95,46.53,77.52,13.21,85.81
470,0.0,0.0,0.0,0.0,0.0,0.0,0.0,0.0,0.0,0.0,0.0,0.0,0.0,0.0,0.0,0.0,0.0,0.0,0.0,0.0,0.0,0.0,0.0,0.0,66.66,171.3,0.0,66.23,138.35,29.28,74.84,132.69,28.61,77.24,158.06,24.24,104.19
475,0.0,0.0,0.0,0.0,0.0,0.0,0.0,0.0,0.0,0.0,0.0,0.0,0.0,0.0,0.0,0.0,0.0,0.0,0.0,0.0,0.0,0.0,0.0,0.0,96.96,247.44,0.0,105.71,187.18,44.77,112.54,195.37,40.74,104.61,228.48,34.78,116.45
480,0.0,0.0,0.0,0.0,0.0,0.0,0.0,0.0,0.0,0.0,0.0,0.0,0.0,0.0,0.0,0.0,0.0,0.0,0.0,0.0,0.0,0.0,0.0,0.0,115.13,285.51,0.0,113.0,222.47,52.59,121.29,200.34,47.08,117.29,239.0,41.17,98.07
485,0.0,0.0,0.0,0.0,0.0,0.0,0.0,0.0,0.0,0.0,0.0,0.0,0.0,0.0,0.0,0.0,0.0,0.0,0.0,0.0,0.0,0.0,0.0,0.0,96.96,266.47,0.0,91.61,212.83,47.57,92.2,202.1,43.71,102.12,226.4,35.93,61.29
490,0.0,0.0,0.0,0.0,0.0,0.0,0.0,0.0,0.0,0.0,0.0,0.0,0.0,0.0,0.0,0.0,0.0,0.0,0.0,0.0,0.0,0.0,0.0,0.0,60.6,209.37,0.0,65.38,181.85,37.01,66.89,165.94,34.09,66.96,173.47,27.53,24.52
495,0.0,0.0,0.0,0.0,0.0,0.0,0.0,0.0,0.0,0.0,0.0,0.0,0.0,0.0,0.0,0.0,0.0,0.0,0.0,0.0,0.0,0.0,0.0,0.0,24.24,133.24,0.0,33.48,112.31,20.09,32.65,99.93,19.53,34.26,102.78,14.54,6.13
500,0.0,0.0,0.0,0.0,0.0,0.0,0.0,0.0,0.0,0.0,0.0,0.0,0.0,0.0,0.0,0.0,0.0,0.0,0.0,0.0,0.0,0.0,0.0,0.0,6.06,69.79,0.0,12.44,53.32,9.58,11.98,48.81,10.12,13.72,51.79,6.39,0.0
505,6.1,0.0,0.0,3.59,0.61,0.62,4.34,0.68,0.7,4.54,0.74,0.69,0.0,0.0,0.0,0.0,0.0,0.0,0.0,0.0,0.0,0.0,0.0,0.0,0.0,25.38,0.0,2.94,19.97,3.25,2.83,18.97,3.67,3.14,20.69,2.36,0.0
510,24.39,0.0,0.0,15.47,2.54,2.66,15.6,2.78,2.75,19.21,3.34,2.59,0.0,0.0,0.0,0.0,0.0,0.0,0.0,0.0,0.0,0.0,0.0,0.0,0.0,6.34,0.0,0.77,5.3,0.77,0.75,5.27,0.89,0.8,5.78,0.58,0.0
515,60.97,0.0,0.0,38.08,6.76,6.97,39.44,6.6,6.96,46.67,8.2,6.91,0.0,0.0,0.0,0.0,0.0,0.0,0.0,0.0,0.0,0.0,0.0,0.0,0.0,0.0,0.0,0.0,0.0,0.0,0.0,0.0,0.0,0.0,0.0,0.0,0.0
520,97.56,0.0,0.0,61.87,10.53,11.76,77.21,9.89,9.54,76.25,13.4,11.84,0.0,0.0,0.0,0.0,0.0,0.0,0.0,0.0,0.0,0.0,0.0,0.0,0.0,0.0,0.0,0.0,0.0,0.0,0.0,0.0,0.0,0.0,0.0,0.0,0.0
525,115.85,0.0,0.0,80.57,12.58,12.6,97.45,11.88,12.32,93.48,15.94,13.17,0.0,12.18,0.0,1.22,10.08,1.56,1.45,9.47,1.21,1.54,11.21,1.39,6.06,0.0,0.0,4.56,0.69,0.74,4.84,0.75,0.71,4.78,0.75,0.58,0.0
530,97.56,0.0,0.0,68.52,9.67,10.3,79.86,10.5,12.23,78.37,13.14,11.65,6.09,48.72,0.0,9.99,43.12,6.85,10.66,34.04,5.31,11.38,42.07,6.28,30.3,0.0,0.0,22.35,3.42,3.88,22.9,3.84,3.41,24.67,3.83,2.72,0.0
535,60.97,0.0,0.0,37.73,5.77,6.83,45.78,6.52,7.5,48.29,7.23,7.65,24.35,121.8,0.0,28.02,107.63,18.0,30.42,89.55,14.17,32.61,106.26,15.9,96.96,0.0,0.0,73.54,11.22,13.55,72.5,10.39,13.04,76.11,13.16,9.98,0.0
540,24.39,0.0,0.0,15.3,2.41,2.88,17.41,2.7,2.56,19.05,2.89,2.94,60.88,194.87,0.0,55.51,165.0,28.6,62.84,156.68,25.46,68.13,170.23,27.45,206.03,0.0,0.0,177.05,23.34,25.36,154.59,22.13,26.82,154.25,26.83,22.23,0.0
545,6.1,6.08,0.0,5.11,4.88,1.46,5.19,4.62,1.26,5.3,6.06,1.5,97.41,231.41,0.0,77.71,195.6,39.32,102.2,168.0,34.44,107.6,196.92,36.0,333.29,0.0,0.0,297.16,41.04,38.86,225.66,38.59,40.22,260.2,42.84,32.69,0.0
550,0.0,36.49,0.0,3.77,25.26,4.49,4.37,22.28,4.5,4.17,28.61,4.46,115.67,194.87,0.0,91.03,182.01,39.04,109.56,152.52,30.86,117.98,177.73,32.83,406.0,0.0,0.0,346.74,53.84,50.44,295.32,49.74,44.16,329.99,48.79,40.79,0.0
555,0.0,109.46,0.0,10.67,74.86,12.9,13.14,68.96,13.22,13.27,85.44,14.45,97.41,121.8,0.0,73.66,123.38,28.65,91.2,103.16,21.63,90.43,119.38,21.07,387.82,0.0,0.0,310.87,47.5,49.95,324.5,47.26,42.9,329.81,48.39,40.45,0.0
560,0.0,218.92,0.0,23.32,149.21,23.54,26.82,132.06,26.26,28.06,200.99,28.41,60.88,48.72,0.0,40.81,51.36,13.84,48.16,44.6,10.79,51.26,51.78,10.22,278.75,0.0,0.0,221.36,29.33,35.68,234.91,29.43,34.8,228.29,33.68,29.68,0.0
565,0.0,310.14,0.0,31.24,216.6,30.71,37.43,173.15,35.78,37.19,280.26,35.98,24.35,12.18,0.0,17.39,14.29,4.09,20.63,11.76,3.48,20.21,12.58,3.59,151.49,0.0,0.0,114.33,17.32,20.97,118.97,15.2,18.11,128.88,16.5,15.51,0.0
570,0.0,328.38,0.0,29.21,229.23,30.29,42.28,211.23,36.53,40.29,296.01,38.28,6.09,0.0,0.0,4.17,0.88,0.76,5.15,0.64,0.56,5.07,0.74,0.6,54.54,0.0,0.0,39.48,5.68,7.53,40.48,6.92,6.82,44.39,6.99,5.17,0.0
575,0.0,255.41,0.0,23.18,171.19,24.95,32.58,168.19,26.85,32.41,217.18,29.23,0.0,0.0,0.0,0.0,0.0,0.0,0.0,0.0,0.0,0.0,0.0,0.0,12.12,0.0,0.0,9.4,1.31,1.52,8.8,1.55,1.63,8.36,1.69,1.19,0.0
580,0.0,145.95,0.0,14.23,95.15,15.98,17.8,93.18,15.89,17.87,117.2,17.05,0.0,0.0,0.0,0.0,0.0,0.0,0.0,0.0,0.0,0.0,0.0,0.0,0.0,0.0,0.0,0.0,0.0,0.0,0.0,0.0,0.0,0.0,0.0,0.0,0.0
585,0.0,54.73,0.0,5.39,34.63,5.95,6.72,32.8,6.32,6.36,46.73,6.67,0.0,0.0,0.0,0.0,0.0,0.0,0.0,0.0,0.0,0.0,0.0,0.0,0.0,0.0,0.0,0.0,0.0,0.0,0.0,0.0,0.0,0.0,0.0,0.0,0.0
590,0.0,12.16,0.0,1.14,6.8,1.32,1.5,8.48,1.33,1.36,10.2,1.5,0.0,0.0,0.0,0.0,0.0,0.0,0.0,0.0,0.0,0.0,0.0,0.0,0.0,0.0,0.0,0.0,0.0,0.0,0.0,0.0,0.0,0.0,0.0,0.0,0.0
595,0.0,0.0,0.0,0.0,0.0,0.0,0.0,0.0,0.0,0.0,0.0,0.0,0.0,0.0,0.0,0.0,0.0,0.0,0.0,0.0,0.0,0.0,0.0,0.0,0.0,0.0,0.0,0.0,0.0,0.0,0.0,0.0,0.0,0.0,0.0,0.0,0.0
600,0.0,0.0,0.0,0.0,0.0,0.0,0.0,0.0,0.0,0.0,0.0,0.0,0.0,0.0,0.0,0.0,0.0,0.0,0.0,0.0,0.0,0.0,0.0,0.0,0.0,0.0,0.0,0.0,0.0,0.0,0.0,0.0,0.0,0.0,0.0,0.0,0.0
605,248.39,46.09,0.0,179.96,54.73,23.88,193.94,57.54,37.46,199.55,70.17,39.3,178.79,248.08,361.78,223.53,259.74,383.71,201.39,270.26,302.42,241.35,240.85,268.01,0.0,480.85,22.98,51.44,423.62,75.51,66.74,356.2,73.1,54.81,416.45,68.03,191.61
610,352.36,115.22,0.0,255.07,112.6,43.09,334.85,130.12,60.85,306.8,143.08,60.96,276.84,351.93,413.87,328.45,343.14,490.96,271.81,351.76,388.33,375.11,357.94,302.54,0.0,492.87,74.68,61.72,458.53,131.48,75.59,351.02,112.65,66.03,406.84,111.25,214.84
615,421.68,184.36,0.0,305.39,168.99,57.69,419.88,181.79,72.55,393.27,210.97,77.71,369.12,421.16,431.24,399.76,400.72,496.52,327.17,411.0,419.73,430.91,434.04,350.18,0.0,432.77,160.86,66.92,372.39,202.84,75.84,326.38,174.59,72.23,362.69,180.43,209.03
620,387.02,218.92,0.0,276.19,198.28,56.1,383.0,199.76,67.5,352.21,245.93,76.69,386.42,386.54,390.72,390.4,394.83,405.29,372.07,375.18,371.86,462.2,375.43,340.04,11.48,360.64,238.42,83.5,325.39,242.54,90.17,300.69,237.71,81.22,299.8,229.44,180.0
625,265.72,190.12,0.0,191.26,160.83,43.49,234.23,171.01,50.28,233.78,198.12,57.01,317.21,265.39,292.32,318.4,269.02,333.25,296.41,275.15,269.56,388.32,277.74,249.87,51.67,294.52,264.27,117.84,303.52,260.99,116.69,260.23,251.35,105.22,257.17,226.67,162.58
630,127.08,144.03,0.0,104.28,109.28,27.86,109.79,125.49,33.1,120.51,135.45,34.1,196.1,126.92,202.6,174.86,127.78,207.34,186.87,130.61,201.58,234.03,139.28,156.29,143.52,276.49,212.56,169.16,293.3,229.21,184.24,239.35,217.3,168.76,231.61,192.55,191.61
635,40.44,126.74,0.0,42.04,83.66,16.45,41.24,103.26,21.55,45.69,104.66,20.31,92.28,51.92,144.71,88.07,60.95,152.26,88.73,58.24,135.77,109.85,68.11,102.93,264.08,252.45,126.39,252.02,285.14,172.02,264.22,235.16,163.21,222.69,225.46,140.14,255.49
640,5.78,161.31,0.0,21.37,99.54,16.72,24.37,110.72,21.27,21.15,126.57,19.76,28.84,51.92,121.56,45.18,54.45,129.08,38.24,51.75,103.48,53.06,54.2,95.05,367.41,216.38,60.32,337.11,239.21,127.36,331.5,220.38,119.48,271.15,213.54,104.16,319.36
645,0.0,201.64,0.0,22.76,140.61,19.2,26.55,138.45,27.45,22.18,162.09,24.97,5.77,115.39,98.4,32.33,96.54,107.76,25.74,93.19,88.75,33.73,88.39,82.91,384.63,162.29,57.45,343.38,202.39,122.37,314.57,182.23,108.86,320.45,171.12,101.36,336.78
650,0.0,201.64,0.0,18.63,143.66,19.45,21.33,152.84,25.17,26.92,149.07,26.94,0.0,184.62,81.04,32.47,145.59,94.76,28.41,130.27,75.79,35.32,144.9,68.84,327.23,108.19,120.64,280.61,162.79,173.48,262.56,137.23,133.48,280.76,136.35,131.75,301.94
655,0.0,149.79,0.0,12.98,98.7,14.23,15.73,110.03,16.23,19.05,103.45,19.17,0.0,219.23,81.04,35.81,162.92,90.37,31.43,164.25,74.39,40.76,167.2,69.42,246.85,60.11,206.82,229.91,117.01,247.64,212.46,97.36,191.97,236.05,104.55,197.52,214.84
660,5.78,80.66,0.0,11.93,55.81,7.16,11.67,58.42,9.14,14.16,60.81,11.46,0.0,184.62,109.98,36.38,134.08,127.51,32.51,150.09,88.92,40.14,138.73,87.83,235.37,24.04,281.5,213.31,101.95,284.31,223.44,80.88,219.11,232.82,80.84,231.73,121.94
665,28.88,28.81,0.0,22.98,23.88,4.83,26.13,23.66,6.67,28.23,26.09,7.15,0.0,121.16,156.29,34.78,107.98,178.19,30.82,103.81,122.49,41.51,106.92,119.16,292.78,6.01,298.74,264.08,83.6,308.12,262.66,78.5,250.82,270.25,72.66,223.49,46.45
670,80.87,5.76,0.0,55.09,11.15,7.71,69.76,12.55,10.47,69.82,15.05,9.61,5.77,75.0,208.38,42.29,80.84,231.42,35.04,76.57,163.4,43.5,90.2,159.06,373.15,0.0,292.99,342.85,82.72,316.67,339.75,74.82,291.78,302.33,76.52,246.59,11.61
675,155.96,0.0,0.0,109.01,13.61,15.05,128.81,17.21,17.03,130.23,18.59,17.8,28.84,92.31,243.11,66.93,99.01,256.67,56.33,100.08,200.41,70.11,116.22,179.7,384.63,0.0,275.76,331.14,85.66,260.81,375.09,74.63,287.13,312.93,77.81,234.45,0.0
680,225.28,0.0,0.0,150.85,21.46,22.02,181.2,25.79,21.96,181.07,25.31,27.25,80.75,150.0,243.11,116.61,156.21,267.94,95.96,152.26,223.34,130.23,161.18,172.72,315.74,0.0,292.99,281.59,84.08,280.64,334.66,75.28,267.54,296.21,66.15,233.54,0.0
685,259.94,0.0,0.0,158.39,27.97,24.13,205.91,30.28,27.02,197.22,32.84,30.28,155.72,201.93,191.02,163.56,196.15,243.88,157.96,187.15,190.38,200.57,189.55,149.16,195.19,6.01,298.74,183.58,72.67,322.25,184.46,63.45,229.64,187.79,59.89,237.07,0.0
690,242.61,0.0,5.74,146.56,25.63,26.4,177.48,28.55,31.02,182.02,30.45,35.36,224.93,201.93,121.56,198.41,206.3,200.52,181.58,179.56,143.81,262.77,191.55,123.7,91.85,24.04,281.5,107.6,70.78,283.65,100.09,61.71,226.22,109.5,63.09,216.3,5.81
695,190.62,0.0,28.7,120.43,24.88,37.6,135.74,23.92,40.65,146.1,28.44,47.42,259.54,150.0,75.25,221.47,152.28,140.29,179.76,163.67,113.62,285.55,168.01,88.91,28.7,60.11,206.82,55.05,79.86,195.5,57.12,72.43,173.01,54.11,72.9,156.86,29.03
700,121.31,0.0,80.37,82.63,22.93,65.33,99.79,22.95,70.11,102.3,27.29,82.94,242.24,80.77,92.62,204.53,99.57,136.84,196.82,106.09,110.19,254.23,95.03,97.14,5.74,96.17,120.64,29.86,99.24,126.05,33.37,84.5,93.03,28.7,90.85,107.55,81.29
705,63.54,0.0,149.26,54.1,21.94,107.23,68.96,24.11,115.97,72.68,26.34,133.74,190.33,28.85,150.5,174.24,64.27,183.79,168.44,60.33,137.08,209.46,53.96,130.28,0.0,114.2,45.96,18.9,110.79,61.69,21.6,95.73,41.99,17.16,96.7,50.79,156.78
710,23.11,0.0,200.93,31.16,22.65,134.72,42.14,25.24,154.35,41.81,25.59,170.8,121.12,5.77,202.6,121.07,42.78,222.0,110.03,41.19,176.68,149.1,42.42,151.28,0.0,96.17,11.49,12.82,89.75,26.23,14.52,76.33,16.44,11.36,70.69,18.63,232.26
715,5.78,0.0,200.93,21.79,22.38,123.89,28.72,23.28,150.91,27.61,24.96,165.42,63.44,0.0,202.6,75.04,29.11,203.61,65.88,28.62,152.26,83.4,32.4,146.51,5.74,60.11,0.0,12.48,57.77,9.74,13.39,47.23,7.02,11.11,42.95,6.87,284.52
720,0.0,0.0,160.74,16.52,17.5,96.52,19.72,18.85,128.89,19.49,20.06,120.56,23.07,0.0,150.5,35.45,19.55,143.96,35.45,18.01,114.67,38.78,21.17,96.63,28.7,24.04,0.0,24.74,25.46,7.54,25.81,22.67,6.33,23.29,22.78,5.79,301.94
725,0.0,0.0,126.3,13.64,12.8,75.13,14.94,14.31,91.45,14.77,13.92,94.9,5.77,0.0,81.04,15.25,10.26,83.02,13.75,9.7,65.64,14.39,9.98,50.57,80.37,6.01,0.0,64.57,14.94,12.58,68.21,14.54,10.65,57.78,14.35,10.02,284.52
730,0.0,0.0,143.52,15.7,15.74,84.05,16.76,14.82,109.86,16.86,16.88,109.92,0.0,0.0,28.94,4.0,3.33,27.1,3.19,3.16,23.32,3.76,3.05,18.84,155.0,0.0,0.0,126.36,18.71,22.91,132.93,17.67,18.44,123.16,19.68,18.25,238.07
735,0.0,0.0,189.45,19.69,21.94,116.96,23.2,20.16,148.77,22.02,24.05,137.99,0.0,0.0,5.79,0.79,0.68,5.07,0.61,0.67,4.08,0.86,0.67,4.51,223.89,0.0,0.0,173.02,27.64,33.54,184.8,23.78,25.48,171.42,29.38,25.4,180.0
740,0.0,0.0,218.15,21.26,22.44,127.95,26.91,23.58,162.14,24.81,24.73,162.79,0.0,0.0,0.0,0.0,0.0,0.0,0.0,0.0,0.0,0.0,0.0,0.0,258.34,0.0,0.0,203.87,33.21,35.14,205.07,30.2,30.79,170.69,30.64,28.5,139.36
745,0.0,0.0,183.71,18.8,18.06,108.18,22.05,18.9,142.4,20.69,22.38,150.0,0.0,0.0,0.0,0.0,0.0,0.0,0.0,0.0,0.0,0.0,0.0,0.0,241.11,0.0,0.0,195.11,34.9,31.77,199.1,29.19,29.6,171.33,26.16,27.95,121.94
750,0.0,0.0,114.82,12.83,10.07,79.21,12.92,12.86,94.04,12.75,15.5,92.83,0.0,0.0,0.0,0.0,0.0,0.0,0.0,0.0,0.0,0.0,0.0,0.0,189.45,0.0,0.0,148.45,27.07,25.01,160.97,22.09,23.34,145.08,22.7,22.98,116.13
755,0.0,0.0,45.93,4.75,3.95,32.86,4.88,5.25,35.52,5.36,5.98,39.52,0.0,0.0,0.0,0.0,0.0,0.0,0.0,0.0,0.0,0.0,0.0,0.0,120.56,6.01,0.0,96.05,22.12,16.99,104.48,18.08,14.63,91.24,19.95,13.89,98.71
760,0.0,0.0,11.48,1.06,1.16,7.92,1.14,1.3,8.86,1.28,1.31,9.78,0.0,0.0,0.0,0.0,0.0,0.0,0.0,0.0,0.0,0.0,0.0,0.0,68.89,30.05,0.0,59.04,38.41,12.5,64.69,30.26,10.9,57.95,31.79,11.04,81.29
765,0.0,0.0,0.0,0.0,0.0,0.0,0.0,0.0,0.0,0.0,0.0,0.0,0.0,0.0,0.0,0.0,0.0,0.0,0.0,0.0,0.0,0.0,0.0,0.0,45.93,84.15,0.0,43.35,78.69,16.64,50.29,75.48,15.0,46.68,60.3,15.83,81.29
770,0.0,0.0,0.0,0.0,0.0,0.0,0.0,0.0,0.0,0.0,0.0,0.0,0.0,0.0,0.0,0.0,0.0,0.0,0.0,0.0,0.0,0.0,0.0,0.0,63.15,162.29,0.0,64.73,149.68,30.55,70.65,142.3,28.93,72.97,114.21,26.87,98.71
775,0.0,0.0,0.0,0.0,0.0,0.0,0.0,0.0,0.0,0.0,0.0,0.0,0.0,0.0,0.0,0.0,0.0,0.0,0.0,0.0,0.0,0.0,0.0,0.0,91.85,234.41,0.0,107.81,228.62,44.65,105.96,205.91,39.27,99.86,165.71,35.87,110.32
780,0.0,0.0,0.0,0.0,0.0,0.0,0.0,0.0,0.0,0.0,0.0,0.0,0.0,0.0,0.0,0.0,0.0,0.0,0.0,0.0,0.0,0.0,0.0,0.0,109.08,270.48,0.0,117.42,267.57,52.35,136.6,240.37,44.26,99.0,217.65,43.69,92.9
785,0.0,0.0,0.0,0.0,0.0,0.0,0.0,0.0,0.0,0.0,0.0,0.0,0.0,0.0,0.0,0.0,0.0,0.0,0.0,0.0,0.0,0.0,0.0,0.0,91.85,252.45,0.0,86.38,221.33,50.34,109.64,212.81,42.82,91.35,207.52,40.06,58.07
790,0.0,0.0,0.0,0.0,0.0,0.0,0.0,0.0,0.0,0.0,0.0,0.0,0.0,0.0,0.0,0.0,0.0,0.0,0.0,0.0,0.0,0.0,0.0,0.0,57.41,198.35,0.0,61.94,184.67,36.4,67.41,160.04,30.81,67.33,164.84,26.89,23.23
795,0.0,0.0,0.0,0.0,0.0,0.0,0.0,0.0,0.0,0.0,0.0,0.0,0.0,0.0,0.0,0.0,0.0,0.0,0.0,0.0,0.0,0.0,0.0,0.0,22.96,126.22,0.0,29.35,120.98,19.92,35.06,100.21,17.29,30.38,99.96,16.42,5.81
800,0.0,0.0,0.0,0.0,0.0,0.0,0.0,0.0,0.0,0.0,0.0,0.0,0.0,0.0,0.0,0.0,0.0,0.0,0.0,0.0,0.0,0.0,0.0,0.0,5.74,66.12,0.0,11.09,49.27,10.26,13.02,53.85,8.61,12.32,46.07,8.01,0.0
805,5.78,0.0,0.0,4.23,0.55,0.52,4.04,0.7,0.74,4.29,0.56,0.66,0.0,0.0,0.0,0.0,0.0,0.0,0.0,0.0,0.0,0.0,0.0,0.0,0.0,24.04,0.0,2.8,16.68,3.25,2.99,19.13,2.79,3.05,15.73,2.4,0.0
810,23.11,0.0,0.0,16.58,2.29,2.1,16.99,2.64,2.81,19.29,2.34,3.01,0.0,0.0,0.0,0.0,0.0,0.0,0.0,0.0,0.0,0.0,0.0,0.0,0.0,6.01,0.0,0.69,4.45,0.8,0.78,4.76,0.73,0.72,4.59,0.58,0.0
815,57.76,0.0,0.0,39.65,6.28,5.92,48.52,6.36,7.04,50.49,5.87,8.06,0.0,0.0,0.0,0.0,0.0,0.0,0.0,0.0,0.0,0.0,0.0,0.0,0.0,0.0,0.0,0.0,0.0,0.0,0.0,0.0,0.0,0.0,0.0,0.0,0.0
820,92.42,0.0,0.0,63.11,10.01,8.91,75.56,10.74,10.36,78.53,10.33,11.8,0.0,0.0,0.0,0.0,0.0,0.0,0.0,0.0,0.0,0.0,0.0,0.0,0.0,0.0,0.0,0.0,0.0,0.0,0.0,0.0,0.0,0.0,0.0,0.0,0.0
825,109.75,0.0,0.0,70.27,11.26,10.63,85.83,12.98,13.19,82.21,13.41,13.3,0.0,11.54,0.0,1.5,8.51,1.63,1.3,8.41,1.15,1.52,8.36,1.22,5.74,0.0,0.0,4.8,0.75,0.74,4.56,0.76,0.66,4.85,0.73,0.72,0.0
830,92.42,0.0,0.0,64.93,9.85,9.02,68.66,10.36,12.2,62.96,11.6,11.82,5.77,46.15,0.0,10.51,34.28,7.27,8.66,35.84,5.29,10.99,37.44,5.88,28.7,0.0,0.0,23.17,3.78,3.64,22.6,3.77,3.3,21.28,3.38,3.84,0.0
835,57.76,0.0,0.0,37.7,5.8,5.49,39.84,6.25,7.25,45.56,7.48,6.69,23.07,115.39,0.0,34.84,96.57,19.15,28.51,92.13,14.08,34.53,97.89,14.5,91.85,0.0,0.0,78.22,13.4,12.2,79.4,11.52,10.5,71.19,10.67,10.71,0.0
840,23.11,0.0,0.0,14.07,2.33,2.59,17.07,2.65,2.69,19.38,2.88,2.79,57.68,184.62,0.0,70.9,143.72,34.42,62.92,147.4,27.41,69.51,151.76,23.52,195.19,0.0,0.0,162.93,27.53,26.51,173.8,24.37,20.83,164.96,24.14,20.41,0.0
845,5.78,5.76,0.0,3.93,5.09,1.25,5.69,4.76,1.31,5.66,4.97,1.49,92.28,219.23,0.0,101.19,173.75,44.0,96.84,187.82,36.95,106.67,173.76,32.34,315.74,0.0,0.0,268.44,43.41,41.5,286.73,41.14,35.72,258.9,40.52,36.48,0.0
850,0.0,34.57,0.0,3.35,26.12,3.36,4.7,24.82,4.05,4.38,26.29,4.35,109.58,184.62,0.0,115.89,161.11,41.21,104.39,142.32,35.63,126.06,148.92,29.13,384.63,0.0,0.0,333.2,51.7,56.62,338.59,48.3,47.71,313.53,47.17,43.17,0.0
855,0.0,103.7,0.0,10.69,67.57,9.62,13.19,74.93,12.41,13.21,77.51,12.62,92.28,115.39,0.0,92.15,101.71,30.02,79.79,99.14,23.74,98.34,101.09,18.55,367.41,0.0,0.0,284.54,45.85,52.98,295.31,39.06,47.08,310.76,41.1,40.5,0.0
860,0.0,207.4,0.0,19.8,128.51,19.85,23.91,142.43,23.41,24.16,151.88,26.96,57.68,46.15,0.0,54.33,41.04,15.49,49.57,40.07,12.14,58.81,43.08,10.12,264.08,0.0,0.0,187.89,32.53,38.6,191.18,27.41,32.28,230.66,29.72,29.68,0.0
865,0.0,293.82,0.0,26.2,197.95,31.27,32.4,211.16,31.56,31.51,220.15,35.13,23.07,11.54,0.0,19.52,10.6,4.86,18.87,10.86,4.03,20.93,11.48,3.44,143.52,0.0,0.0,102.62,17.87,20.82,111.39,18.58,18.64,111.89,16.22,15.59,0.0
870,0.0,311.1,0.0,30.81,209.12,31.99,33.07,233.53,36.46,36.34,227.42,32.7,5.77,0.0,0.0,4.32,0.64,0.81,4.44,0.67,0.58,4.62,0.68,0.62,51.67,0.0,0.0,39.15,6.61,7.82,43.64,6.26,6.58,36.64,5.64,5.05,0.0
875,0.0,241.97,0.0,24.03,162.5,24.54,28.08,190.18,28.41,29.54,163.85,26.8,0.0,0.0,0.0,0.0,0.0,0.0,0.0,0.0,0.0,0.0,0.0,0.0,11.48,0.0,0.0,8.68,1.4,1.77,10.18,1.25,1.44,8.26,1.31,1.21,0.0
880,0.0,138.27,0.0,14.95,91.6,14.53,17.43,105.5,16.64,16.81,94.91,15.96,0.0,0.0,0.0,0.0,0.0,0.0,0.0,0.0,0.0,0.0,0.0,0.0,0.0,0.0,0.0,0.0,0.0,0.0,0.0,0.0,0.0,0.0,0.0,0.0,0.0
885,0.0,51.85,0.0,5.79,33.12,5.12,6.49,36.15,6.03,6.41,38.64,5.96,0.0,0.0,0.0,0.0,0.0,0.0,0.0,0.0,0.0,0.0,0.0,0.0,0.0,0.0,0.0,0.0,0.0,0.0,0.0,0.0,0.0,0.0,0.0,0.0,0.0
890,0.0,11.52,0.0,1.19,7.69,1.1,1.3,8.34,1.38,1.52,9.18,1.25,0.0,0.0,0.0,0.0,0.0,0.0,0.0,0.0,0.0,0.0,0.0,0.0,0.0,0.0,0.0,0.0,0.0,0.0,0.0,0.0,0.0,0.0,0.0,0.0,0.0
895,0.0,0.0,0.0,0.0,0.0,0.0,0.0,0.0,0.0,0.0,0.0,0.0,0.0,0.0,0.0,0.0,0.0,0.0,0.0,0.0,0.0,0.0,0.0,0.0,0.0,0.0,0.0,0.0,0.0,0.0,0.0,0.0,0.0,0.0,0.0,0.0,0.0
900,0.0,0.0,0.0,0.0,0.0,0.0,0.0,0.0,0.0,0.0,0.0,0.0,0.0,0.0,0.0,0.0,0.0,0.0,0.0,0.0,0.0,0.0,0.0,0.0,0.0,0.0,0.0,0.0,0.0,0.0,0.0,0.0,0.0,0.0,0.0,0.0,0.0
905,234.59,43.53,0.0,132.12,53.67,28.49,178.65,56.75,30.34,185.7,57.86,41.88,168.86,234.3,341.68,213.17,256.75,363.94,171.94,228.33,345.64,242.4,266.91,269.28,0.0,454.14,21.7,53.11,350.55,86.93,55.63,323.49,67.14,59.33,272.51,70.5,180.97
910,332.79,108.82,0.0,230.95,108.13,49.74,223.1,130.34,52.09,246.06,114.85,63.59,261.46,332.38,390.88,277.85,373.97,429.25,264.49,307.91,379.81,358.19,362.42,318.18,0.0,465.49,70.54,65.49,379.33,136.18,64.99,364.04,106.28,64.83,339.7,102.84,202.91
915,398.25,174.11,0.0,289.63,165.34,66.65,295.9,191.57,69.23,264.93,176.05,74.74,348.61,397.76,407.28,316.49,436.76,407.19,379.43,354.81,402.0,441.01,427.56,347.08,0.0,408.72,151.92,64.78,337.35,209.43,64.95,310.79,179.68,62.88,311.41,139.72,197.42
920,365.52,206.76,0.0,247.07,185.33,57.96,327.03,203.75,70.2,262.67,197.33,78.79,364.95,365.07,369.01,369.81,411.04,366.18,340.91,330.39,364.71,438.97,381.52,315.27,10.84,340.6,225.17,74.66,307.1,275.16,70.34,320.62,225.65,68.88,286.02,171.48,170.0
925,250.95,179.55,0.0,152.25,154.2,38.75,217.48,166.56,50.29,208.46,158.08,53.76,299.59,250.64,276.08,329.28,299.2,291.78,273.2,242.73,299.43,315.63,263.14,235.89,48.8,278.16,249.59,93.79,237.76,276.22,98.95,274.9,204.89,92.66,267.37,206.03,153.55
930,120.02,136.03,0.0,86.03,103.42,22.06,97.39,125.63,30.89,114.78,118.21,30.4,185.2,119.87,191.34,194.65,150.88,174.02,177.57,120.83,185.8,197.68,127.33,158.23,135.55,261.13,200.75,143.28,226.4,233.24,157.55,272.4,187.06,141.46,253.34,202.93,180.97
935,38.19,119.7,0.0,34.86,83.39,14.9,36.39,101.35,18.09,47.6,95.05,20.0,87.15,49.04,136.67,98.77,69.89,114.9,93.06,53.88,110.1,98.53,59.77,107.42,249.41,238.42,119.37,216.54,239.64,165.24,253.02,236.24,143.1,202.18,224.78,135.34,241.29
940,5.46,152.35,0.0,17.87,102.37,15.99,19.05,118.28,16.71,23.73,121.55,21.51,27.24,49.04,114.8,47.38,54.68,109.64,39.25,45.74,93.93,42.06,55.34,87.87,347.0,204.36,56.97,285.76,193.45,127.54,319.57,204.77,102.6,288.58,183.56,92.43,301.62
945,0.0,190.44,0.0,20.25,129.61,18.13,20.08,136.41,19.0,24.11,155.8,25.26,5.45,108.98,92.94,29.83,97.38,95.73,26.05,85.62,86.12,29.85,107.38,70.34,363.27,153.27,54.26,291.75,163.45,124.44,341.37,165.73,100.17,304.3,154.48,89.36,318.07
950,0.0,190.44,0.0,20.85,129.08,19.8,21.05,132.51,20.11,21.56,145.85,24.78,0.0,174.36,76.54,28.51,135.31,86.47,28.03,114.82,81.13,32.47,166.7,69.54,309.05,102.18,113.94,251.05,145.19,170.05,291.45,123.95,125.41,267.16,115.46,110.94,285.16
955,0.0,141.47,0.0,14.41,91.72,15.63,16.86,107.5,15.16,15.96,117.06,16.31,0.0,207.05,76.54,33.15,176.31,85.98,31.65,135.89,87.94,36.98,178.94,72.5,233.14,56.77,195.33,187.59,111.33,231.88,202.28,92.6,175.6,201.34,86.77,158.79,202.91
960,5.46,76.17,0.0,11.01,48.57,8.62,12.94,62.64,8.36,13.61,67.49,9.44,0.0,174.36,103.87,33.44,150.96,99.88,31.67,116.99,101.95,40.76,150.94,93.99,222.3,22.71,265.86,184.4,82.84,272.51,182.71,80.34,216.16,196.12,71.37,229.32,115.16
965,27.28,27.21,0.0,18.48,21.42,5.71,24.13,22.12,6.08,25.19,24.88,7.57,0.0,114.42,147.61,32.22,108.7,132.76,29.79,88.29,121.08,39.35,120.22,118.09,276.52,5.68,282.14,218.24,72.22,283.14,256.83,76.02,238.25,243.38,69.65,233.43,43.87
970,76.38,5.44,0.0,48.57,11.16,9.41,56.34,12.1,9.5,60.47,12.71,12.31,5.45,70.83,196.81,35.24,81.16,172.01,33.55,71.3,148.89,45.19,84.35,139.42,352.42,0.0,276.72,272.01,73.68,311.65,340.65,74.81,245.3,310.26,64.81,228.76,10.97
975,147.3,0.0,0.0,94.24,15.25,17.59,109.85,16.38,15.78,125.75,16.57,21.27,27.24,87.18,229.61,60.47,97.86,182.21,58.04,96.01,178.83,66.39,102.55,164.66,363.27,0.0,260.44,294.74,77.22,314.24,332.01,77.18,260.78,329.07,63.43,202.9,0.0
980,212.77,0.0,0.0,132.27,20.78,21.58,156.68,24.06,24.44,169.84,24.33,30.23,76.26,141.67,229.61,108.31,139.2,182.49,100.14,142.1,196.39,121.03,162.29,183.77,298.2,0.0,276.72,250.5,69.68,310.75,270.31,71.58,255.35,266.89,59.81,231.33,0.0
985,245.5,0.0,0.0,151.71,23.94,25.76,186.62,28.65,30.94,185.73,28.79,33.03,147.07,190.71,180.41,172.61,186.75,175.72,144.42,184.88,185.7,207.03,202.45,158.39,184.34,5.68,282.14,173.06,60.52,284.48,171.27,58.77,228.22,197.11,55.23,215.21,0.0
990,229.13,0.0,5.42,143.61,25.08,27.26,162.8,27.73,31.7,167.4,28.46,33.77,212.44,190.71,114.8,220.55,200.58,140.25,181.41,166.72,135.17,255.76,196.25,115.01,86.75,22.71,265.86,97.93,64.59,289.57,95.21,67.8,193.17,117.49,51.79,180.85,5.48
995,180.03,0.0,27.11,126.86,21.94,35.82,130.22,22.82,38.99,137.03,25.54,45.25,245.12,141.67,71.07,247.75,151.79,100.36,187.62,128.42,93.93,247.31,141.91,86.31,27.11,56.77,195.33,46.05,79.88,218.19,48.5,76.09,124.7,55.45,62.87,151.91,27.42
1000,114.57,0.0,75.91,90.48,21.78,64.01,97.66,21.61,59.55,90.93,21.06,76.62,228.78,76.28,87.47,214.87,108.77,111.18,150.31,85.76,108.1,213.45,88.05,95.63,5.42,90.83,113.94,25.21,89.87,136.24,26.93,81.01,91.79,29.14,82.24,95.8,76.77
1005,60.01,0.0,140.97,56.37,21.53,98.63,62.37,23.94,92.14,65.16,21.36,119.53,179.75,27.24,142.14,156.09,70.2,154.52,132.54,48.23,142.97,167.72,55.08,115.72,0.0,107.86,43.41,14.89,87.6,57.62,17.6,85.16,47.15,18.9,91.39,41.52,148.07
1010,21.82,0.0,189.77,34.8,20.69,127.78,40.07,24.69,131.51,41.87,24.2,162.45,114.39,5.45,191.34,113.99,43.54,176.34,104.98,37.51,149.59,121.16,44.73,130.22,0.0,90.83,10.85,11.23,72.29,21.74,11.07,76.11,20.59,10.91,68.63,19.0,219.36
1015,5.46,0.0,189.77,21.75,19.46,130.86,27.62,23.17,132.68,26.3,22.3,154.24,59.92,0.0,191.34,72.5,31.24,162.03,65.56,29.31,141.56,78.44,32.21,126.92,5.42,56.77,0.0,10.89,46.62,9.55,10.28,50.87,8.39,9.97,42.41,7.26,268.71
1020,0.0,0.0,151.81,15.37,15.22,108.04,17.4,18.04,105.49,17.08,17.9,136.21,21.79,0.0,142.14,32.52,20.43,128.18,30.34,18.03,108.13,40.31,20.33,94.29,27.11,22.71,0.0,22.01,21.4,7.33,21.87,20.56,6.71,21.76,20.44,5.21,285.16
1025,0.0,0.0,119.28,12.25,13.55,90.63,13.39,13.64,95.9,12.21,13.27,118.35,5.45,0.0,76.54,13.5,10.77,69.7,11.9,8.85,58.11,14.39,9.77,47.28,75.91,5.68,0.0,56.53,13.85,10.87,56.45,14.74,9.69,58.34,12.24,8.16,268.71
1030,0.0,0.0,135.55,14.13,14.49,98.68,14.72,15.78,107.64,14.26,14.63,131.21,0.0,0.0,27.33,3.53,3.56,24.7,2.72,3.11,20.88,3.35,3.16,18.11,146.39,0.0,0.0,105.66,17.29,18.63,114.0,19.27,18.81,113.55,16.45,14.22,224.84
1035,0.0,0.0,178.92,18.98,17.94,131.61,19.13,20.14,136.98,20.8,19.53,146.94,0.0,0.0,5.47,0.7,0.62,4.63,0.58,0.6,3.88,0.66,0.64,3.57,211.45,0.0,0.0,147.92,23.89,29.05,176.54,25.82,26.81,151.75,26.74,22.4,170.0
1040,0.0,0.0,206.03,22.9,22.98,153.15,22.01,22.17,155.12,24.2,24.39,164.59,0.0,0.0,0.0,0.0,0.0,0.0,0.0,0.0,0.0,0.0,0.0,0.0,243.98,0.0,0.0,179.35,28.69,37.15,187.91,26.73,30.14,173.73,29.75,24.92,131.61
1045,0.0,0.0,173.5,18.69,19.5,122.66,19.25,19.62,138.79,20.37,21.67,158.37,0.0,0.0,0.0,0.0,0.0,0.0,0.0,0.0,0.0,0.0,0.0,0.0,227.72,0.0,0.0,167.27,26.14,32.69,178.6,27.97,28.84,175.0,25.84,23.63,115.16
1050,0.0,0.0,108.44,11.91,11.98,70.95,13.04,12.47,88.53,13.06,13.44,100.05,0.0,0.0,0.0,0.0,0.0,0.0,0.0,0.0,0.0,0.0,0.0,0.0,178.92,0.0,0.0,124.92,20.57,25.55,133.19,22.42,22.57,150.07,21.25,20.24,109.68
1055,0.0,0.0,43.37,4.44,4.59,28.91,4.96,4.72,34.6,5.41,4.59,42.81,0.0,0.0,0.0,0.0,0.0,0.0,0.0,0.0,0.0,0.0,0.0,0.0,113.86,5.68,0.0,81.71,17.36,18.5,84.96,18.8,14.24,92.58,17.65,13.06,93.23
1060,0.0,0.0,10.84,0.94,1.3,7.45,1.18,1.15,7.83,1.34,1.14,9.95,0.0,0.0,0.0,0.0,0.0,0.0,0.0,0.0,0.0,0.0,0.0,0.0,65.06,28.38,0.0,53.09,29.93,13.94,57.09,29.66,11.34,50.77,28.25,9.74,76.77
1065,0.0,0.0,0.0,0.0,0.0,0.0,0.0,0.0,0.0,0.0,0.0,0.0,0.0,0.0,0.0,0.0,0.0,0.0,0.0,0.0,0.0,0.0,0.0,0.0,43.37,79.47,0.0,46.83,69.78,19.48,44.98,73.63,15.35,39.23,56.0,13.1,76.77
1070,0.0,0.0,0.0,0.0,0.0,0.0,0.0,0.0,0.0,0.0,0.0,0.0,0.0,0.0,0.0,0.0,0.0,0.0,0.0,0.0,0.0,0.0,0.0,0.0,59.64,153.27,0.0,66.05,127.84,33.89,64.53,142.72,25.36,67.71,99.46,21.37,93.23
1075,0.0,0.0,0.0,0.0,0.0,0.0,0.0,0.0,0.0,0.0,0.0,0.0,0.0,0.0,0.0,0.0,0.0,0.0,0.0,0.0,0.0,0.0,0.0,0.0,86.75,221.39,0.0,85.81,182.39,47.48,85.8,184.15,35.04,95.48,154.97,30.78,104.19
1080,0.0,0.0,0.0,0.0,0.0,0.0,0.0,0.0,0.0,0.0,0.0,0.0,0.0,0.0,0.0,0.0,0.0,0.0,0.0,0.0,0.0,0.0,0.0,0.0,103.02,255.45,0.0,96.13,214.48,48.87,98.55,194.95,41.42,97.98,197.57,37.15,87.74
1085,0.0,0.0,0.0,0.0,0.0,0.0,0.0,0.0,0.0,0.0,0.0,0.0,0.0,0.0,0.0,0.0,0.0,0.0,0.0,0.0,0.0,0.0,0.0,0.0,86.75,238.42,0.0,80.36,223.2,42.53,91.06,202.52,37.78,80.66,193.02,32.52,54.84
1090,0.0,0.0,0.0,0.0,0.0,0.0,0.0,0.0,0.0,0.0,0.0,0.0,0.0,0.0,0.0,0.0,0.0,0.0,0.0,0.0,0.0,0.0,0.0,0.0,54.22,187.33,0.0,52.98,175.53,34.42,53.53,170.83,29.55,63.3,136.16,23.95,21.94
1095,0.0,0.0,0.0,0.0,0.0,0.0,0.0,0.0,0.0,0.0,0.0,0.0,0.0,0.0,0.0,0.0,0.0,0.0,0.0,0.0,0.0,0.0,0.0,0.0,21.69,119.21,0.0,28.37,92.54,19.46,26.22,109.14,18.38,30.41,88.03,15.66,5.48
1100,0.0,0.0,0.0,0.0,0.0,0.0,0.0,0.0,0.0,0.0,0.0,0.0,0.0,0.0,0.0,0.0,0.0,0.0,0.0,0.0,0.0,0.0,0.0,0.0,5.42,62.44,0.0,11.7,49.67,9.56,11.06,53.87,8.65,10.98,47.5,7.59,0.0
1105,5.46,0.0,0.0,3.57,0.55,0.55,3.85,0.65,0.61,3.81,0.66,0.73,0.0,0.0,0.0,0.0,0.0,0.0,0.0,0.0,0.0,0.0,0.0,0.0,0.0,22.71,0.0,2.61,18.58,3.48,2.68,20.6,2.62,2.71,16.26,2.63,0.0
1110,21.82,0.0,0.0,14.18,2.17,1.95,15.82,2.55,2.6,14.77,2.59,3.01,0.0,0.0,0.0,0.0,0.0,0.0,0.0,0.0,0.0,0.0,0.0,0.0,0.0,5.68,0.0,0.62,4.95,0.79,0.71,5.23,0.67,0.74,4.09,0.64,0.0
1115,54.56,0.0,0.0,35.34,5.11,5.66,36.9,6.57,6.9,37.28,6.4,7.24,0.0,0.0,0.0,0.0,0.0,0.0,0.0,0.0,0.0,0.0,0.0,0.0,0.0,0.0,0.0,0.0,0.0,0.0,0.0,0.0,0.0,0.0,0.0,0.0,0.0
1120,87.29,0.0,0.0,56.47,8.76,9.84,62.27,10.2,9.97,60.02,10.05,12.07,0.0,0.0,0.0,0.0,0.0,0.0,0.0,0.0,0.0,0.0,0.0,0.0,0.0,0.0,0.0,0.0,0.0,0.0,0.0,0.0,0.0,0.0,0.0,0.0,0.0
1125,103.66,0.0,0.0,69.0,9.71,11.13,80.74,11.62,12.24,79.81,12.32,14.6,0.0,10.9,0.0,1.22,9.09,1.29,1.18,7.21,1.26,1.49,8.75,1.05,5.42,0.0,0.0,4.12,0.64,0.83,4.47,0.69,0.62,4.34,0.55,0.56,0.0
1130,87.29,0.0,0.0,54.15,8.08,9.64,68.19,9.56,10.39,65.39,10.62,11.73,5.45,43.59,0.0,9.22,38.79,6.14,8.07,31.55,5.47,11.11,36.99,4.72,27.11,0.0,0.0,21.8,3.35,3.48,21.83,3.23,3.14,21.3,2.86,2.88,0.0
1135,54.56,0.0,0.0,32.18,5.47,6.23,38.54,5.95,5.65,40.47,6.61,7.33,21.79,108.98,0.0,29.68,90.88,17.05,24.91,81.81,15.0,33.97,94.01,13.39,86.75,0.0,0.0,71.85,10.54,12.54,63.83,10.09,9.67,69.58,10.4,9.32,0.0
1140,21.82,0.0,0.0,13.28,2.23,2.46,17.31,2.38,2.33,17.04,2.28,2.75,54.47,174.36,0.0,65.39,143.1,30.93,53.42,126.26,27.18,72.69,148.31,25.07,184.34,0.0,0.0,145.45,21.22,27.66,142.75,20.03,19.77,134.52,23.03,21.38,0.0
1145,5.46,5.44,0.0,3.71,4.22,1.21,4.99,4.89,1.25,4.76,4.1,1.41,87.15,207.05,0.0,94.38,176.34,35.16,80.62,144.84,33.17,102.16,168.71,33.54,298.2,0.0,0.0,219.47,36.79,46.56,238.12,34.04,33.62,204.41,32.02,34.51,0.0
1150,0.0,32.65,0.0,2.8,21.0,3.6,3.99,28.71,3.83,3.69,21.04,3.79,103.49,174.36,0.0,107.74,163.48,35.85,96.84,121.09,32.76,117.94,157.16,29.58,363.27,0.0,0.0,250.07,45.07,53.17,302.05,48.43,39.77,268.44,40.01,38.53,0.0
1155,0.0,97.94,0.0,8.63,62.59,11.62,10.75,80.37,12.01,10.32,75.6,12.33,87.15,108.98,0.0,89.54,102.56,27.62,79.37,78.62,23.43,84.39,95.26,18.81,347.0,0.0,0.0,258.75,41.23,46.33,294.8,42.87,36.35,262.0,41.22,38.73,0.0
1160,0.0,195.88,0.0,18.67,125.56,21.15,20.54,151.57,23.35,20.09,154.07,24.9,54.47,43.59,0.0,55.3,43.05,13.58,47.4,34.62,12.78,48.26,39.82,10.15,249.41,0.0,0.0,178.6,30.77,34.61,195.69,28.43,23.71,203.73,27.23,27.3,0.0
1165,0.0,277.49,0.0,29.07,191.27,27.93,31.42,237.63,30.05,30.25,207.85,34.24,21.79,10.9,0.0,19.38,11.83,4.2,16.91,10.42,4.13,19.74,11.6,3.11,135.55,0.0,0.0,99.78,17.37,19.63,114.17,16.44,15.56,102.85,13.35,13.81,0.0
1170,0.0,293.82,0.0,28.48,201.86,26.04,34.52,211.87,31.31,32.1,217.11,38.32,5.45,0.0,0.0,4.32,0.65,0.7,3.78,0.53,0.64,4.59,0.72,0.53,48.8,0.0,0.0,36.85,6.23,6.77,39.83,6.56,5.95,34.43,4.99,5.0,0.0
1175,0.0,228.52,0.0,20.45,156.25,22.37,25.42,144.44,27.1,26.33,180.02,27.39,0.0,0.0,0.0,0.0,0.0,0.0,0.0,0.0,0.0,0.0,0.0,0.0,10.84,0.0,0.0,7.73,1.37,1.54,8.2,1.49,1.31,8.07,1.07,1.13,0.0
1180,0.0,130.59,0.0,11.6,87.88,13.69,13.81,80.44,15.76,16.61,96.91,16.25,0.0,0.0,0.0,0.0,0.0,0.0,0.0,0.0,0.0,0.0,0.0,0.0,0.0,0.0,0.0,0.0,0.0,0.0,0.0,0.0,0.0,0.0,0.0,0.0,0.0
1185,0.0,48.97,0.0,4.69,35.9,4.88,5.14,33.4,5.17,5.98,36.92,6.14,0.0,0.0,0.0,0.0,0.0,0.0,0.0,0.0,0.0,0.0,0.0,0.0,0.0,0.0,0.0,0.0,0.0,0.0,0.0,0.0,0.0,0.0,0.0,0.0,0.0
1190,0.0,10.88,0.0,1.03,7.26,1.04,1.15,8.38,1.14,1.24,8.18,1.43,0.0,0.0,0.0,0.0,0.0,0.0,0.0,0.0,0.0,0.0,0.0,0.0,0.0,0.0,0.0,0.0,0.0,0.0,0.0,0.0,0.0,0.0,0.0,0.0,0.0
1195,0.0,0.0,0.0,0.0,0.0,0.0,0.0,0.0,0.0,0.0,0.0,0.0,0.0,0.0,0.0,0.0,0.0,0.0,0.0,0.0,0.0,0.0,0.0,0.0,0.0,0.0,0.0,0.0,0.0,0.0,0.0,0.0,0.0,0.0,0.0,0.0,0.0
1200,0.0,0.0,0.0,0.0,0.0,0.0,0.0,0.0,0.0,0.0,0.0,0.0,0.0,0.0,0.0,0.0,0.0,0.0,0.0,0.0,0.0,0.0,0.0,0.0,0.0,0.0,0.0,0.0,0.0,0.0,0.0,0.0,0.0,0.0,0.0,0.0,0.0
1205,220.79,40.97,0.0,134.69,50.38,32.6,180.35,43.03,27.16,192.65,56.89,26.62,158.93,220.52,321.58,174.86,262.01,308.58,183.11,214.61,272.61,167.96,256.07,276.98,0.0,427.42,20.43,45.85,341.02,78.33,42.61,288.89,70.26,49.35,298.27,51.79,170.32
1210,313.21,102.42,0.0,220.77,102.52,45.32,235.46,108.08,46.59,275.54,117.96,52.56,246.08,312.82,367.89,245.44,364.44,407.85,239.24,247.77,333.17,242.72,303.83,295.11,0.0,438.11,66.39,55.3,369.13,120.01,54.66,340.24,101.94,52.59,345.57,86.07,190.97
1215,374.83,163.87,0.0,268.88,152.78,55.4,299.76,160.79,69.2,327.34,179.96,65.56,328.11,374.36,383.32,348.22,376.27,469.9,335.52,299.14,381.37,359.62,310.62,367.14,0.0,384.68,142.99,60.94,338.1,169.55,58.38,292.33,145.7,55.92,318.76,136.56,185.81
1220,344.02,194.6,0.0,240.82,175.79,56.29,299.82,184.74,65.86,285.31,191.0,64.98,343.49,343.59,347.31,327.22,319.89,406.88,353.38,306.1,342.51,393.46,323.33,339.65,10.21,320.57,211.93,62.07,285.43,220.97,66.77,236.97,187.58,71.11,278.3,188.51,160.0
1225,236.19,168.99,0.0,183.35,146.64,44.75,221.46,138.34,51.63,213.78,155.91,46.56,281.97,235.9,259.84,232.97,251.53,303.69,270.0,225.42,243.98,302.18,215.33,242.88,45.93,261.8,234.91,83.86,254.92,236.3,89.07,191.36,203.07,88.18,248.69,193.24,144.52
1230,112.96,128.02,0.0,87.77,101.69,24.63,102.11,96.27,31.82,105.73,109.13,27.49,174.31,112.82,180.08,140.05,145.74,217.08,173.7,112.66,169.72,168.58,122.4,160.26,127.57,245.77,188.95,139.09,244.23,215.78,141.46,193.41,188.09,138.66,238.07,173.76,170.32
1235,35.94,112.66,0.0,32.33,72.26,14.17,38.97,85.53,17.11,39.6,90.52,19.18,82.03,46.15,128.63,69.81,66.86,138.75,95.83,47.32,111.49,79.81,63.83,102.35,234.73,224.4,112.35,209.45,220.62,154.16,220.06,200.2,153.55,204.49,227.38,133.71,227.1
1240,5.13,143.39,0.0,16.13,81.42,16.7,18.62,113.86,16.52,21.91,107.29,19.81,25.63,46.15,108.05,34.3,57.35,100.45,41.77,40.17,82.41,37.56,54.79,81.23,326.59,192.34,53.62,320.47,185.71,122.49,265.94,173.72,103.85,236.05,215.03,103.51,283.87
1245,0.0,179.23,0.0,16.34,109.11,19.69,20.23,157.86,19.51,23.37,126.9,24.09,5.13,102.57,87.47,25.31,98.78,85.71,28.59,72.39,65.8,25.91,93.32,80.98,341.9,144.26,51.07,316.69,150.3,120.8,256.83,135.97,92.87,234.15,186.61,87.32,299.36
1250,0.0,179.23,0.0,19.06,112.09,18.83,21.09,153.96,20.17,22.28,129.4,23.69,0.0,164.1,72.03,26.48,155.34,86.08,30.21,113.34,65.3,28.04,134.34,69.08,290.87,96.17,107.24,242.1,112.65,150.78,229.37,113.56,140.04,229.81,130.01,99.27,268.39
1255,0.0,133.15,0.0,14.61,96.8,14.0,14.59,98.7,14.66,16.99,88.61,15.46,0.0,194.87,72.03,30.18,195.59,91.65,33.39,129.48,68.41,35.15,149.75,72.99,219.43,53.43,183.84,175.27,79.88,202.1,193.58,74.77,186.61,188.9,86.59,137.07,190.97
1260,5.13,71.69,0.0,10.95,52.04,7.83,11.09,49.48,8.02,13.24,48.79,8.29,0.0,164.1,97.76,28.07,165.61,115.63,30.09,114.93,75.79,34.44,130.36,98.26,209.22,21.37,250.23,174.16,74.26,267.16,201.97,52.94,238.9,167.77,70.37,205.24,108.39
1265,25.67,25.6,0.0,18.46,19.78,5.52,22.13,23.21,5.9,22.21,21.38,5.25,0.0,107.69,138.92,26.96,106.21,136.3,27.81,84.2,101.26,29.63,94.83,121.38,260.25,5.34,265.55,228.86,73.68,277.74,266.89,53.29,244.81,210.5,69.97,212.03,41.29
1270,71.88,5.12,0.0,44.61,12.11,8.7,59.16,13.34,8.89,52.2,13.32,8.53,5.13,66.67,185.23,32.26,73.68,160.65,37.22,61.98,141.2,35.7,74.77,139.18,331.69,0.0,260.44,304.55,71.51,304.54,326.9,54.03,251.46,300.63,72.16,200.75,10.32
1275,138.63,0.0,0.0,93.98,15.34,15.08,114.1,15.12,15.57,104.03,17.51,16.44,25.63,82.05,216.1,52.47,93.06,192.41,58.61,85.36,170.88,59.0,106.68,166.07,341.9,0.0,245.12,298.78,68.78,291.51,299.91,49.72,246.14,298.93,69.27,193.78,0.0
1280,200.25,0.0,0.0,132.38,19.65,21.9,166.67,21.86,24.28,143.87,22.18,21.19,71.77,133.33,216.1,86.24,142.71,210.07,98.89,118.85,188.6,108.12,164.97,205.63,280.66,0.0,260.44,261.8,65.1,291.66,242.49,54.55,251.29,260.59,65.21,195.6,0.0
1285,231.06,0.0,0.0,147.02,21.31,24.73,175.83,25.76,25.94,154.46,25.18,24.09,138.42,179.49,169.79,130.36,183.64,192.57,139.61,142.16,162.9,188.85,197.55,174.63,173.5,5.34,265.55,177.27,57.95,274.66,159.32,47.64,252.08,175.99,55.47,185.25,0.0
1290,215.65,0.0,5.1,125.8,20.89,29.31,159.9,24.71,27.16,166.3,25.21,24.72,199.94,179.49,108.05,170.28,198.33,146.96,189.66,146.55,113.4,236.47,176.6,120.04,81.65,21.37,250.23,90.75,57.61,251.24,92.8,49.1,229.65,96.0,56.34,173.11,5.16
1295,169.44,0.0,25.51,95.48,17.97,39.69,130.31,22.05,40.72,141.62,21.81,36.56,230.7,133.33,66.89,182.55,154.84,109.82,209.41,119.92,82.51,213.78,133.21,82.76,25.51,53.43,183.84,50.87,66.13,187.57,49.05,59.87,175.74,44.2,75.75,131.78,25.81
1300,107.83,0.0,71.44,64.2,17.25,70.16,93.02,21.81,72.05,90.06,20.08,71.82,215.32,71.8,82.32,168.18,88.56,112.87,182.4,70.85,94.78,192.54,97.76,89.71,5.1,85.48,107.24,27.74,80.28,115.12,26.16,76.5,101.63,25.77,92.66,81.13,72.26
1305,56.48,0.0,132.68,47.42,17.96,105.09,61.68,23.02,121.95,59.95,20.61,114.69,169.18,25.64,133.78,137.15,53.68,137.3,147.09,42.26,125.84,161.56,61.73,120.44,0.0,101.51,40.85,18.23,85.63,54.17,17.02,76.06,43.49,17.32,93.12,37.24,139.36
1310,20.54,0.0,178.6,30.7,19.28,124.91,36.6,23.17,150.92,36.64,22.34,136.9,107.66,5.13,180.08,92.83,39.46,152.03,122.05,33.26,159.85,123.47,43.68,126.58,0.0,85.48,10.21,12.91,72.39,23.45,12.65,60.43,18.89,10.86,72.23,16.38,206.45
1315,5.13,0.0,178.6,20.53,18.76,125.25,25.93,21.39,130.71,23.6,19.19,146.34,56.39,0.0,180.08,55.53,28.41,155.83,72.97,24.81,146.67,68.63,28.26,117.8,5.1,53.43,0.0,10.68,45.99,9.0,10.25,38.03,8.36,8.96,40.96,6.08,252.91
1320,0.0,0.0,142.88,13.46,14.83,111.6,16.66,17.15,100.42,17.77,15.76,121.67,20.51,0.0,133.78,27.23,20.49,123.74,33.31,15.3,103.11,32.88,15.25,95.81,25.51,21.37,0.0,21.0,20.75,6.83,20.66,17.05,6.82,18.25,19.75,4.33,268.39
1325,0.0,0.0,112.26,10.27,10.69,84.18,11.25,13.04,83.91,14.38,13.01,84.34,5.13,0.0,72.03,10.94,11.05,60.57,12.82,8.16,52.99,14.25,7.73,54.27,71.44,5.34,0.0,56.94,13.54,10.18,53.08,10.54,10.74,49.85,13.63,7.42,252.91
1330,0.0,0.0,127.57,10.86,11.75,90.48,12.47,14.15,103.9,14.68,15.38,86.99,0.0,0.0,25.73,2.83,3.45,22.95,3.02,2.87,18.85,3.31,2.78,19.91,137.78,0.0,0.0,106.84,16.15,17.94,102.82,13.67,20.05,94.19,16.53,15.33,211.62
1335,0.0,0.0,168.4,15.08,16.45,123.28,16.71,19.33,140.26,20.11,21.31,113.84,0.0,0.0,5.15,0.56,0.65,4.94,0.64,0.57,3.97,0.68,0.66,3.6,199.01,0.0,0.0,152.48,24.69,26.93,154.52,19.41,29.28,142.42,22.46,22.41,160.0
1340,0.0,0.0,193.91,17.38,19.82,137.94,22.14,23.02,169.02,22.65,24.06,142.67,0.0,0.0,0.0,0.0,0.0,0.0,0.0,0.0,0.0,0.0,0.0,0.0,229.63,0.0,0.0,192.26,30.79,34.56,171.5,22.77,31.49,163.32,26.58,25.11,123.87
1345,0.0,0.0,163.29,15.7,16.38,124.14,19.14,19.81,137.27,19.87,19.22,130.15,0.0,0.0,0.0,0.0,0.0,0.0,0.0,0.0,0.0,0.0,0.0,0.0,214.32,0.0,0.0,180.56,27.76,30.04,159.07,20.92,26.79,155.34,24.61,23.14,108.39
1350,0.0,0.0,102.06,9.86,9.96,80.08,12.61,11.02,90.76,11.89,12.01,81.49,0.0,0.0,0.0,0.0,0.0,0.0,0.0,0.0,0.0,0.0,0.0,0.0,168.4,0.0,0.0,142.83,21.89,22.57,127.02,18.33,21.85,126.9,21.38,16.98,103.23
1355,0.0,0.0,40.82,4.1,4.05,29.97,4.34,4.61,32.69,4.47,4.76,32.03,0.0,0.0,0.0,0.0,0.0,0.0,0.0,0.0,0.0,0.0,0.0,0.0,107.16,5.34,0.0,90.37,18.41,14.92,90.19,16.78,14.23,78.53,16.29,12.0,87.74
1360,0.0,0.0,10.21,1.03,0.99,7.2,1.13,1.18,7.88,1.25,1.08,7.76,0.0,0.0,0.0,0.0,0.0,0.0,0.0,0.0,0.0,0.0,0.0,0.0,61.24,26.71,0.0,57.59,26.45,12.56,50.39,26.4,10.7,47.2,25.87,8.6,72.26
1365,0.0,0.0,0.0,0.0,0.0,0.0,0.0,0.0,0.0,0.0,0.0,0.0,0.0,0.0,0.0,0.0,0.0,0.0,0.0,0.0,0.0,0.0,0.0,0.0,40.82,74.8,0.0,47.48,58.84,15.84,39.9,53.08,14.91,36.08,58.62,10.75,72.26
1370,0.0,0.0,0.0,0.0,0.0,0.0,0.0,0.0,0.0,0.0,0.0,0.0,0.0,0.0,0.0,0.0,0.0,0.0,0.0,0.0,0.0,0.0,0.0,0.0,56.13,144.26,0.0,61.59,122.9,22.84,55.19,105.99,22.42,58.38,114.8,21.23,87.74
1375,0.0,0.0,0.0,0.0,0.0,0.0,0.0,0.0,0.0,0.0,0.0,0.0,0.0,0.0,0.0,0.0,0.0,0.0,0.0,0.0,0.0,0.0,0.0,0.0,81.65,208.37,0.0,82.11,174.27,36.22,83.42,147.1,32.69,87.44,172.52,31.42,98.07
1380,0.0,0.0,0.0,0.0,0.0,0.0,0.0,0.0,0.0,0.0,0.0,0.0,0.0,0.0,0.0,0.0,0.0,0.0,0.0,0.0,0.0,0.0,0.0,0.0,96.96,240.43,0.0,99.43,218.31,47.06,107.67,174.96,38.52,96.34,204.46,37.82,82.58
1385,0.0,0.0,0.0,0.0,0.0,0.0,0.0,0.0,0.0,0.0,0.0,0.0,0.0,0.0,0.0,0.0,0.0,0.0,0.0,0.0,0.0,0.0,0.0,0.0,81.65,224.4,0.0,89.21,193.37,45.83,89.31,168.81,37.47,83.37,180.71,32.49,51.61
1390,0.0,0.0,0.0,0.0,0.0,0.0,0.0,0.0,0.0,0.0,0.0,0.0,0.0,0.0,0.0,0.0,0.0,0.0,0.0,0.0,0.0,0.0,0.0,0.0,51.03,176.31,0.0,58.32,147.21,31.96,62.52,128.08,29.1,55.99,139.49,24.09,20.65
1395,0.0,0.0,0.0,0.0,0.0,0.0,0.0,0.0,0.0,0.0,0.0,0.0,0.0,0.0,0.0,0.0,0.0,0.0,0.0,0.0,0.0,0.0,0.0,0.0,20.41,112.2,0.0,28.78,89.58,20.3,31.89,77.47,18.75,27.03,92.32,15.01,5.16
1400,0.0,0.0,0.0,0.0,0.0,0.0,0.0,0.0,0.0,0.0,0.0,0.0,0.0,0.0,0.0,0.0,0.0,0.0,0.0,0.0,0.0,0.0,0.0,0.0,5.1,58.77,0.0,11.61,45.56,9.58,11.62,39.85,8.41,10.89,47.98,7.0,0.0
1405,5.13,0.0,0.0,2.9,0.51,0.57,3.41,0.61,0.52,4.07,0.56,0.51,0.0,0.0,0.0,0.0,0.0,0.0,0.0,0.0,0.0,0.0,0.0,0.0,0.0,21.37,0.0,2.71,16.55,2.84,2.48,14.4,2.34,2.43,17.28,2.29,0.0
1410,20.54,0.0,0.0,12.55,1.91,2.26,12.85,2.3,2.39,16.91,2.2,2.02,0.0,0.0,0.0,0.0,0.0,0.0,0.0,0.0,0.0,0.0,0.0,0.0,0.0,5.34,0.0,0.69,4.22,0.69,0.58,3.52,0.6,0.58,4.42,0.58,0.0
1415,51.35,0.0,0.0,31.27,4.92,6.08,35.23,5.71,6.21,44.85,5.12,5.48,0.0,0.0,0.0,0.0,0.0,0.0,0.0,0.0,0.0,0.0,0.0,0.0,0.0,0.0,0.0,0.0,0.0,0.0,0.0,0.0,0.0,0.0,0.0,0.0,0.0
1420,82.15,0.0,0.0,45.76,8.1,9.31,53.71,10.16,9.8,66.45,8.93,8.99,0.0,0.0,0.0,0.0,0.0,0.0,0.0,0.0,0.0,0.0,0.0,0.0,0.0,0.0,0.0,0.0,0.0,0.0,0.0,0.0,0.0,0.0,0.0,0.0,0.0
1425,97.56,0.0,0.0,59.71,9.6,10.13,69.17,11.97,11.57,70.37,10.74,11.15,0.0,10.26,0.0,1.16,7.51,1.44,1.13,7.02,1.25,1.35,7.33,1.28,5.1,0.0,0.0,3.87,0.75,0.7,3.78,0.55,0.6,3.74,0.68,0.5,0.0
1430,82.15,0.0,0.0,50.3,8.39,8.38,62.34,9.57,9.7,61.97,8.72,9.35,5.13,41.03,0.0,8.18,33.4,6.47,8.41,26.71,5.19,9.24,31.01,5.67,25.51,0.0,0.0,19.33,3.45,3.59,19.61,2.54,2.9,18.11,3.16,2.57,0.0
1435,51.35,0.0,0.0,26.76,5.12,5.64,37.05,6.18,6.26,39.09,5.58,5.73,20.51,102.57,0.0,23.46,92.51,18.99,29.55,62.15,14.12,29.08,76.6,13.25,81.65,0.0,0.0,62.66,11.5,11.67,65.44,7.77,9.63,63.41,9.94,8.71,0.0
1440,20.54,0.0,0.0,11.64,1.85,2.35,15.21,2.49,2.51,15.4,2.31,2.27,51.27,164.1,0.0,49.18,157.55,32.43,59.87,107.13,23.56,59.97,129.36,24.1,173.5,0.0,0.0,148.0,23.77,23.48,122.64,18.66,20.8,146.59,20.61,18.07,0.0
1445,5.13,5.12,0.0,3.63,3.34,1.09,4.38,4.56,1.25,4.7,4.17,1.16,82.03,194.87,0.0,76.54,190.53,36.24,77.46,131.82,28.02,84.6,151.32,33.52,280.66,0.0,0.0,243.09,36.6,36.31,190.85,29.66,32.09,228.95,36.15,28.08,0.0
1450,0.0,30.73,0.0,2.88,18.55,3.25,3.36,23.45,3.82,3.92,22.14,3.34,97.41,164.1,0.0,82.51,149.33,34.8,88.63,101.28,26.37,89.16,130.32,31.41,8.65,0.0,0.0,296.14,45.99,47.42,257.12,35.67,37.45,266.07,39.61,31.92,0.0
1455,0.0,92.18,0.0,9.27,54.8,10.4,10.11,72.59,11.58,12.34,71.67,11.39,82.03,102.57,0.0,63.71,95.59,25.09,71.5,63.77,20.45,80.78,91.58,23.44,0.0,0.0,0.0,173.3,43.31,49.24,255.71,36.82,36.7,249.31,39.31,32.64,0.0
1460,0.0,184.36,0.0,18.11,124.27,21.13,19.54,131.4,22.06,22.77,146.72,23.05,51.27,41.03,0.0,38.4,37.45,12.05,45.05,30.05,9.98,54.6,40.36,10.98,0.0,0.0,0.0,0.0,28.57,31.41,168.29,27.65,27.39,169.03,27.63,24.12,0.0
1465,0.0,261.17,0.0,26.43,185.21,29.08,24.92,198.02,27.93,27.99,213.02,30.47,20.51,10.26,0.0,15.52,10.48,4.38,18.02,9.26,3.43,18.55,10.52,3.49,0.0,0.0,0.0,0.0,16.9,16.02,86.16,14.56,15.52,84.05,15.39,13.03,0.0
1470,0.0,276.53,0.0,27.67,203.74,32.86,28.16,209.62,33.38,28.44,236.38,32.25,5.13,0.0,0.0,3.55,0.58,0.73,4.13,0.52,0.58,4.38,0.59,0.6,0.0,0.0,0.0,0.0,6.73,6.02,34.27,4.88,5.44,32.3,5.42,4.54,0.0
1475,0.0,215.08,0.0,21.5,142.12,24.56,25.04,153.59,26.69,24.23,171.94,25.28,0.0,0.0,0.0,0.0,0.0,0.0,0.0,0.0,0.0,0.0,0.0,0.0,0.0,0.0,0.0,0.0,1.35,1.28,8.31,1.13,1.14,7.99,1.09,1.07,0.0
1480,0.0,122.9,0.0,12.13,77.28,13.26,15.38,91.16,15.0,13.61,81.52,14.43,0.0,0.0,0.0,0.0,0.0,0.0,0.0,0.0,0.0,0.0,0.0,0.0,0.0,0.0,0.0,0.0,0.0,0.0,0.0,0.0,0.0,0.0,0.0,0.0,0.0
1485,0.0,46.09,0.0,4.52,31.59,5.48,5.38,34.78,5.94,5.49,31.04,5.48,0.0,0.0,0.0,0.0,0.0,0.0,0.0,0.0,0.0,0.0,0.0,0.0,0.0,0.0,0.0,0.0,0.0,0.0,0.0,0.0,0.0,0.0,0.0,0.0,0.0
1490,0.0,10.24,0.0,0.98,6.36,1.25,1.09,7.8,1.36,1.22,7.85,1.23,0.0,0.0,0.0,0.0,0.0,0.0,0.0,0.0,0.0,0.0,0.0,0.0,0.0,0.0,0.0,0.0,0.0,0.0,0.0,0.0,0.0,0.0,0.0,0.0,0.0
1495,0.0,0.0,0.0,0.0,0.0,0.0,0.0,0.0,0.0,0.0,0.0,0.0,0.0,0.0,0.0,0.0,0.0,0.0,0.0,0.0,0.0,0.0,0.0,0.0,0.0,0.0,0.0,0.0,0.0,0.0,0.0,0.0,0.0,0.0,0.0,0.0,0.0
1500,0.0,0.0,0.0,0.0,0.0,0.0,0.0,0.0,0.0,0.0,0.0,0.0,0.0,0.0,0.0,0.0,0.0,0.0,0.0,0.0,0.0,0.0,0.0,0.0,0.0,0.0,0.0,0.0,0.0,0.0,0.0,0.0,0.0,0.0,0.0,0.0,0.0
